,ON_ID,ORDERDATE,QTR_ID,MONTH_ID,YEAR_ID
0,ON1,2003-02-24,1,2,2003
1,ON2,2003-05-07,2,5,2003
2,ON3,2003-07-01,3,7,2003
3,ON4,2003-08-25,3,8,2003
4,ON5,2003-10-10,4,10,2003
5,ON6,2003-10-28,4,10,2003
6,ON7,2003-11-11,4,11,2003
7,ON8,2003-11-18,4,11,2003
8,ON9,2003-12-01,4,12,2003
9,ON10,2004-01-15,1,1,2004
10,ON11,2004-02-20,1,2,2004
11,ON12,2004-04-05,2,4,2004
12,ON13,2004-05-18,2,5,2004
13,ON14,2004-06-28,2,6,2004
14,ON15,2004-07-23,3,7,2004
15,ON16,2004-08-27,3,8,2004
16,ON17,2004-09-30,3,9,2004
17,ON18,2004-10-15,4,10,2004
18,ON19,2004-11-02,4,11,2004
19,ON20,2004-11-15,4,11,2004
20,ON21,2004-11-24,4,11,2004
21,ON22,2004-12-17,4,12,2004
22,ON23,2005-02-03,1,2,2005
23,ON24,2005-03-03,1,3,2005
24,ON25,2005-04-08,2,4,2005
25,ON26,2005-05-13,2,5,2005
26,ON27,2003-01-29,1,1,2003
27,ON28,2003-03-24,1,3,2003
28,ON29,2003-05-28,2,5,2003
29,ON30,2003-07-24,3,7,2003
30,ON31,2003-09-19,3,9,2003
31,ON32,2003-10-20,4,10,2003
32,ON33,2003-11-06,4,11,2003
33,ON34,2003-11-13,4,11,2003
34,ON35,2003-11-25,4,11,2003
35,ON36,2003-12-05,4,12,2003
36,ON37,2004-01-29,1,1,2004
37,ON38,2004-03-10,1,3,2004
38,ON39,2004-05-04,2,5,2004
39,ON40,2004-06-15,2,6,2004
40,ON41,2004-07-19,3,7,2004
41,ON42,2004-08-17,3,8,2004
42,ON43,2004-09-08,3,9,2004
43,ON44,2004-10-11,4,10,2004
44,ON45,2004-10-21,4,10,2004
45,ON46,2004-11-04,4,11,2004
46,ON47,2004-11-18,4,11,2004
47,ON48,2004-11-29,4,11,2004
48,ON49,2004-12-10,4,12,2004
49,ON50,2005-01-20,1,1,2005
50,ON51,2005-02-17,1,2,2005
51,ON52,2005-03-09,1,3,2005
52,ON53,2005-05-01,2,5,2005
53,ON54,2005-05-31,2,5,2005
54,ON1,2003-02-24,1,2,2003
55,ON55,2003-04-29,2,4,2003
56,ON3,2003-07-01,3,7,2003
57,ON4,2003-08-25,3,8,2003
58,ON5,2003-10-10,4,10,2003
59,ON6,2003-10-28,4,10,2003
60,ON7,2003-11-11,4,11,2003
61,ON8,2003-11-18,4,11,2003
62,ON9,2003-12-01,4,12,2003
63,ON56,2004-01-12,1,1,2004
64,ON11,2004-02-20,1,2,2004
65,ON57,2004-04-03,2,4,2004
66,ON13,2004-05-18,2,5,2004
67,ON14,2004-06-28,2,6,2004
68,ON15,2004-07-23,3,7,2004
69,ON16,2004-08-27,3,8,2004
70,ON58,2004-09-27,3,9,2004
71,ON59,2004-10-15,4,10,2004
72,ON19,2004-11-02,4,11,2004
73,ON20,2004-11-15,4,11,2004
74,ON60,2004-11-23,4,11,2004
75,ON22,2004-12-17,4,12,2004
76,ON61,2005-02-02,1,2,2005
77,ON24,2005-03-03,1,3,2005
78,ON62,2005-04-07,2,4,2005
79,ON26,2005-05-13,2,5,2005
80,ON1,2003-02-24,1,2,2003
81,ON55,2003-04-29,2,4,2003
82,ON3,2003-07-01,3,7,2003
83,ON4,2003-08-25,3,8,2003
84,ON5,2003-10-10,4,10,2003
85,ON6,2003-10-28,4,10,2003
86,ON7,2003-11-11,4,11,2003
87,ON8,2003-11-18,4,11,2003
88,ON9,2003-12-01,4,12,2003
89,ON56,2004-01-12,1,1,2004
90,ON11,2004-02-20,1,2,2004
91,ON12,2004-04-05,2,4,2004
92,ON13,2004-05-18,2,5,2004
93,ON14,2004-06-28,2,6,2004
94,ON15,2004-07-23,3,7,2004
95,ON16,2004-08-27,3,8,2004
96,ON17,2004-09-30,3,9,2004
97,ON59,2004-10-15,4,10,2004
98,ON19,2004-11-02,4,11,2004
99,ON20,2004-11-15,4,11,2004
100,ON60,2004-11-23,4,11,2004
101,ON63,2005-01-05,1,1,2005
102,ON61,2005-02-02,1,2,2005
103,ON24,2005-03-03,1,3,2005
104,ON25,2005-04-08,2,4,2005
105,ON26,2005-05-13,2,5,2005
106,ON64,2003-02-11,1,2,2003
107,ON65,2003-04-28,2,4,2003
108,ON66,2003-06-12,2,6,2003
109,ON67,2003-08-10,3,8,2003
110,ON68,2003-10-06,4,10,2003
111,ON69,2003-10-23,4,10,2003
112,ON70,2003-11-08,4,11,2003
113,ON71,2003-11-14,4,11,2003
114,ON72,2003-11-26,4,11,2003
115,ON73,2004-01-09,1,1,2004
116,ON74,2004-02-19,1,2,2004
117,ON75,2004-05-07,2,5,2004
118,ON76,2004-06-17,2,6,2004
119,ON77,2004-07-21,3,7,2004
120,ON78,2004-08-20,3,8,2004
121,ON79,2004-09-10,3,9,2004
122,ON80,2004-10-14,4,10,2004
123,ON81,2004-11-01,4,11,2004
124,ON82,2004-11-05,4,11,2004
125,ON83,2004-11-21,4,11,2004
126,ON84,2004-12-02,4,12,2004
127,ON85,2004-12-15,4,12,2004
128,ON86,2005-01-31,1,1,2005
129,ON87,2005-02-23,1,2,2005
130,ON88,2005-03-17,1,3,2005
131,ON89,2005-04-01,2,4,2005
132,ON90,2005-05-06,2,5,2005
133,ON27,2003-01-29,1,1,2003
134,ON91,2003-04-01,2,4,2003
135,ON29,2003-05-28,2,5,2003
136,ON30,2003-07-24,3,7,2003
137,ON31,2003-09-19,3,9,2003
138,ON92,2003-10-21,4,10,2003
139,ON93,2003-11-06,4,11,2003
140,ON34,2003-11-13,4,11,2003
141,ON35,2003-11-25,4,11,2003
142,ON94,2003-12-09,4,12,2003
143,ON95,2004-02-04,1,2,2004
144,ON96,2004-03-11,1,3,2004
145,ON39,2004-05-04,2,5,2004
146,ON97,2004-06-15,2,6,2004
147,ON41,2004-07-19,3,7,2004
148,ON98,2004-08-19,3,8,2004
149,ON43,2004-09-08,3,9,2004
150,ON99,2004-10-13,4,10,2004
151,ON100,2004-10-22,4,10,2004
152,ON46,2004-11-04,4,11,2004
153,ON101,2004-11-19,4,11,2004
154,ON48,2004-11-29,4,11,2004
155,ON49,2004-12-10,4,12,2004
156,ON102,2005-01-20,1,1,2005
157,ON51,2005-02-17,1,2,2005
158,ON52,2005-03-09,1,3,2005
159,ON53,2005-05-01,2,5,2005
160,ON103,2005-05-31,2,5,2005
161,ON104,2003-03-03,1,3,2003
162,ON105,2003-05-08,2,5,2003
163,ON106,2003-07-02,3,7,2003
164,ON107,2003-09-05,3,9,2003
165,ON5,2003-10-10,4,10,2003
166,ON108,2003-11-04,4,11,2003
167,ON109,2003-11-12,4,11,2003
168,ON110,2003-11-20,4,11,2003
169,ON111,2003-12-02,4,12,2003
170,ON10,2004-01-15,1,1,2004
171,ON112,2004-02-22,1,2,2004
172,ON113,2004-04-09,2,4,2004
173,ON114,2004-06-01,2,6,2004
174,ON115,2004-07-06,3,7,2004
175,ON116,2004-08-02,3,8,2004
176,ON117,2004-08-30,3,8,2004
177,ON118,2003-10-04,4,10,2003
178,ON119,2004-10-16,4,10,2004
179,ON120,2004-11-03,4,11,2004
180,ON20,2004-11-15,4,11,2004
181,ON21,2004-11-24,4,11,2004
182,ON121,2005-01-06,1,1,2005
183,ON23,2005-02-03,1,2,2005
184,ON122,2005-03-03,1,3,2005
185,ON123,2005-05-17,2,5,2005
186,ON64,2003-02-11,1,2,2003
187,ON124,2003-04-16,2,4,2003
188,ON125,2003-06-03,2,6,2003
189,ON126,2003-08-08,3,8,2003
190,ON127,2003-09-28,3,9,2003
191,ON128,2003-10-22,4,10,2003
192,ON129,2003-11-06,4,11,2003
193,ON130,2003-11-14,4,11,2003
194,ON131,2003-11-26,4,11,2003
195,ON132,2004-01-02,1,1,2004
196,ON133,2004-02-12,1,2,2004
197,ON134,2004-03-19,1,3,2004
198,ON135,2004-05-05,2,5,2004
199,ON136,2004-07-20,3,7,2004
200,ON137,2004-08-20,3,8,2004
201,ON138,2004-09-09,3,9,2004
202,ON139,2004-10-14,4,10,2004
203,ON140,2004-10-22,4,10,2004
204,ON82,2004-11-05,4,11,2004
205,ON141,2004-11-20,4,11,2004
206,ON142,2004-11-01,4,11,2004
207,ON85,2004-12-15,4,12,2004
208,ON143,2005-01-23,1,1,2005
209,ON144,2005-02-17,1,2,2005
210,ON88,2005-03-17,1,3,2005
211,ON145,2005-05-05,2,5,2005
212,ON27,2003-01-29,1,1,2003
213,ON146,2003-03-26,1,3,2003
214,ON29,2003-05-28,2,5,2003
215,ON30,2003-07-24,3,7,2003
216,ON31,2003-09-19,3,9,2003
217,ON92,2003-10-21,4,10,2003
218,ON33,2003-11-06,4,11,2003
219,ON34,2003-11-13,4,11,2003
220,ON35,2003-11-25,4,11,2003
221,ON36,2003-12-05,4,12,2003
222,ON147,2004-02-02,1,2,2004
223,ON96,2004-03-11,1,3,2004
224,ON39,2004-05-04,2,5,2004
225,ON40,2004-06-15,2,6,2004
226,ON41,2004-07-19,3,7,2004
227,ON98,2004-08-19,3,8,2004
228,ON43,2004-09-08,3,9,2004
229,ON44,2004-10-11,4,10,2004
230,ON100,2004-10-22,4,10,2004
231,ON46,2004-11-04,4,11,2004
232,ON47,2004-11-18,4,11,2004
233,ON48,2004-11-29,4,11,2004
234,ON49,2004-12-10,4,12,2004
235,ON102,2005-01-20,1,1,2005
236,ON51,2005-02-17,1,2,2005
237,ON52,2005-03-09,1,3,2005
238,ON53,2005-05-01,2,5,2005
239,ON54,2005-05-31,2,5,2005
240,ON1,2003-02-24,1,2,2003
241,ON2,2003-05-07,2,5,2003
242,ON3,2003-07-01,3,7,2003
243,ON4,2003-08-25,3,8,2003
244,ON5,2003-10-10,4,10,2003
245,ON108,2003-11-04,4,11,2003
246,ON7,2003-11-11,4,11,2003
247,ON148,2003-11-18,4,11,2003
248,ON9,2003-12-01,4,12,2003
249,ON10,2004-01-15,1,1,2004
250,ON149,2004-02-21,1,2,2004
251,ON12,2004-04-05,2,4,2004
252,ON13,2004-05-18,2,5,2004
253,ON14,2004-06-28,2,6,2004
254,ON116,2004-08-02,3,8,2004
255,ON16,2004-08-27,3,8,2004
256,ON17,2004-09-30,3,9,2004
257,ON18,2004-10-15,4,10,2004
258,ON150,2004-11-03,4,11,2004
259,ON20,2004-11-15,4,11,2004
260,ON21,2004-11-24,4,11,2004
261,ON63,2005-01-05,1,1,2005
262,ON23,2005-02-03,1,2,2005
263,ON24,2005-03-03,1,3,2005
264,ON25,2005-04-08,2,4,2005
265,ON26,2005-05-13,2,5,2005
266,ON151,2003-01-31,1,1,2003
267,ON124,2003-04-16,2,4,2003
268,ON125,2003-06-03,2,6,2003
269,ON126,2003-08-08,3,8,2003
270,ON127,2003-09-28,3,9,2003
271,ON128,2003-10-22,4,10,2003
272,ON129,2003-11-06,4,11,2003
273,ON130,2003-11-14,4,11,2003
274,ON131,2003-11-26,4,11,2003
275,ON132,2004-01-02,1,1,2004
276,ON133,2004-02-12,1,2,2004
277,ON152,2004-03-15,1,3,2004
278,ON135,2004-05-05,2,5,2004
279,ON136,2004-07-20,3,7,2004
280,ON137,2004-08-20,3,8,2004
281,ON138,2004-09-09,3,9,2004
282,ON139,2004-10-14,4,10,2004
283,ON140,2004-10-22,4,10,2004
284,ON153,2004-11-05,4,11,2004
285,ON141,2004-11-20,4,11,2004
286,ON142,2004-11-01,4,11,2004
287,ON154,2004-12-10,4,12,2004
288,ON155,2005-01-26,1,1,2005
289,ON144,2005-02-17,1,2,2005
290,ON145,2005-05-05,2,5,2005
291,ON104,2003-03-03,1,3,2003
292,ON105,2003-05-08,2,5,2003
293,ON106,2003-07-02,3,7,2003
294,ON107,2003-09-05,3,9,2003
295,ON156,2003-10-11,4,10,2003
296,ON157,2003-11-04,4,11,2003
297,ON109,2003-11-12,4,11,2003
298,ON110,2003-11-20,4,11,2003
299,ON111,2003-12-02,4,12,2003
300,ON158,2004-01-16,1,1,2004
301,ON112,2004-02-22,1,2,2004
302,ON113,2004-04-09,2,4,2004
303,ON114,2004-06-01,2,6,2004
304,ON115,2004-07-06,3,7,2004
305,ON116,2004-08-02,3,8,2004
306,ON117,2004-08-30,3,8,2004
307,ON118,2003-10-04,4,10,2003
308,ON119,2004-10-16,4,10,2004
309,ON120,2004-11-03,4,11,2004
310,ON20,2004-11-15,4,11,2004
311,ON21,2004-11-24,4,11,2004
312,ON121,2005-01-06,1,1,2005
313,ON159,2005-02-08,1,2,2005
314,ON122,2005-03-03,1,3,2005
315,ON123,2005-05-17,2,5,2005
316,ON64,2003-02-11,1,2,2003
317,ON124,2003-04-16,2,4,2003
318,ON125,2003-06-03,2,6,2003
319,ON126,2003-08-08,3,8,2003
320,ON127,2003-09-28,3,9,2003
321,ON128,2003-10-22,4,10,2003
322,ON129,2003-11-06,4,11,2003
323,ON130,2003-11-14,4,11,2003
324,ON131,2003-11-26,4,11,2003
325,ON132,2004-01-02,1,1,2004
326,ON133,2004-02-12,1,2,2004
327,ON134,2004-03-19,1,3,2004
328,ON135,2004-05-05,2,5,2004
329,ON136,2004-07-20,3,7,2004
330,ON137,2004-08-20,3,8,2004
331,ON138,2004-09-09,3,9,2004
332,ON139,2004-10-14,4,10,2004
333,ON140,2004-10-22,4,10,2004
334,ON82,2004-11-05,4,11,2004
335,ON141,2004-11-20,4,11,2004
336,ON160,2004-12-01,4,12,2004
337,ON85,2004-12-15,4,12,2004
338,ON155,2005-01-26,1,1,2005
339,ON144,2005-02-17,1,2,2005
340,ON161,2005-03-23,1,3,2005
341,ON145,2005-05-05,2,5,2005
342,ON104,2003-03-03,1,3,2003
343,ON105,2003-05-08,2,5,2003
344,ON106,2003-07-02,3,7,2003
345,ON107,2003-09-05,3,9,2003
346,ON5,2003-10-10,4,10,2003
347,ON108,2003-11-04,4,11,2003
348,ON109,2003-11-12,4,11,2003
349,ON110,2003-11-20,4,11,2003
350,ON111,2003-12-02,4,12,2003
351,ON10,2004-01-15,1,1,2004
352,ON112,2004-02-22,1,2,2004
353,ON113,2004-04-09,2,4,2004
354,ON114,2004-06-01,2,6,2004
355,ON115,2004-07-06,3,7,2004
356,ON116,2004-08-02,3,8,2004
357,ON117,2004-08-30,3,8,2004
358,ON118,2003-10-04,4,10,2003
359,ON119,2004-10-16,4,10,2004
360,ON120,2004-11-03,4,11,2004
361,ON20,2004-11-15,4,11,2004
362,ON21,2004-11-24,4,11,2004
363,ON121,2005-01-06,1,1,2005
364,ON162,2005-02-09,1,2,2005
365,ON122,2005-03-03,1,3,2005
366,ON123,2005-05-17,2,5,2005
367,ON151,2003-01-31,1,1,2003
368,ON163,2003-04-04,2,4,2003
369,ON125,2003-06-03,2,6,2003
370,ON164,2003-08-01,3,8,2003
371,ON165,2003-09-21,3,9,2003
372,ON128,2003-10-22,4,10,2003
373,ON93,2003-11-06,4,11,2003
374,ON166,2003-11-14,4,11,2003
375,ON167,2003-11-25,4,11,2003
376,ON94,2003-12-09,4,12,2003
377,ON168,2004-02-10,1,2,2004
378,ON96,2004-03-11,1,3,2004
379,ON169,2004-05-05,2,5,2004
380,ON97,2004-06-15,2,6,2004
381,ON170,2004-07-20,3,7,2004
382,ON98,2004-08-19,3,8,2004
383,ON171,2004-09-08,3,9,2004
384,ON99,2004-10-13,4,10,2004
385,ON140,2004-10-22,4,10,2004
386,ON153,2004-11-05,4,11,2004
387,ON141,2004-11-20,4,11,2004
388,ON160,2004-12-01,4,12,2004
389,ON154,2004-12-10,4,12,2004
390,ON143,2005-01-23,1,1,2005
391,ON144,2005-02-17,1,2,2005
392,ON172,2005-05-03,2,5,2005
393,ON103,2005-05-31,2,5,2005
394,ON104,2003-03-03,1,3,2003
395,ON105,2003-05-08,2,5,2003
396,ON106,2003-07-02,3,7,2003
397,ON107,2003-09-05,3,9,2003
398,ON156,2003-10-11,4,10,2003
399,ON157,2003-11-04,4,11,2003
400,ON109,2003-11-12,4,11,2003
401,ON173,2003-11-20,4,11,2003
402,ON111,2003-12-02,4,12,2003
403,ON158,2004-01-16,1,1,2004
404,ON112,2004-02-22,1,2,2004
405,ON174,2004-04-12,2,4,2004
406,ON114,2004-06-01,2,6,2004
407,ON115,2004-07-06,3,7,2004
408,ON175,2004-08-04,3,8,2004
409,ON117,2004-08-30,3,8,2004
410,ON118,2003-10-04,4,10,2003
411,ON119,2004-10-16,4,10,2004
412,ON176,2004-11-04,4,11,2004
413,ON20,2004-11-15,4,11,2004
414,ON21,2004-11-24,4,11,2004
415,ON121,2005-01-06,1,1,2005
416,ON162,2005-02-09,1,2,2005
417,ON122,2005-03-03,1,3,2005
418,ON177,2005-04-14,2,4,2005
419,ON123,2005-05-17,2,5,2005
420,ON27,2003-01-29,1,1,2003
421,ON146,2003-03-26,1,3,2003
422,ON29,2003-05-28,2,5,2003
423,ON30,2003-07-24,3,7,2003
424,ON31,2003-09-19,3,9,2003
425,ON92,2003-10-21,4,10,2003
426,ON33,2003-11-06,4,11,2003
427,ON34,2003-11-13,4,11,2003
428,ON35,2003-11-25,4,11,2003
429,ON36,2003-12-05,4,12,2003
430,ON37,2004-01-29,1,1,2004
431,ON38,2004-03-10,1,3,2004
432,ON39,2004-05-04,2,5,2004
433,ON40,2004-06-15,2,6,2004
434,ON41,2004-07-19,3,7,2004
435,ON42,2004-08-17,3,8,2004
436,ON43,2004-09-08,3,9,2004
437,ON44,2004-10-11,4,10,2004
438,ON45,2004-10-21,4,10,2004
439,ON46,2004-11-04,4,11,2004
440,ON47,2004-11-18,4,11,2004
441,ON48,2004-11-29,4,11,2004
442,ON49,2004-12-10,4,12,2004
443,ON102,2005-01-20,1,1,2005
444,ON51,2005-02-17,1,2,2005
445,ON52,2005-03-09,1,3,2005
446,ON53,2005-05-01,2,5,2005
447,ON54,2005-05-31,2,5,2005
448,ON178,2003-03-10,1,3,2003
449,ON105,2003-05-08,2,5,2003
450,ON179,2003-07-04,3,7,2003
451,ON180,2003-09-11,3,9,2003
452,ON181,2003-10-17,4,10,2003
453,ON182,2003-11-05,4,11,2003
454,ON109,2003-11-12,4,11,2003
455,ON173,2003-11-20,4,11,2003
456,ON183,2003-12-02,4,12,2003
457,ON158,2004-01-16,1,1,2004
458,ON112,2004-02-22,1,2,2004
459,ON184,2004-04-13,2,4,2004
460,ON114,2004-06-01,2,6,2004
461,ON115,2004-07-06,3,7,2004
462,ON185,2004-08-06,3,8,2004
463,ON117,2004-08-30,3,8,2004
464,ON186,2003-10-05,4,10,2003
465,ON119,2004-10-16,4,10,2004
466,ON176,2004-11-04,4,11,2004
467,ON187,2004-11-17,4,11,2004
468,ON188,2004-11-24,4,11,2004
469,ON189,2004-12-09,4,12,2004
470,ON190,2005-01-07,1,1,2005
471,ON162,2005-02-09,1,2,2005
472,ON191,2005-03-04,1,3,2005
473,ON192,2005-04-15,2,4,2005
474,ON123,2005-05-17,2,5,2005
475,ON193,2003-01-10,1,1,2003
476,ON194,2003-03-25,1,3,2003
477,ON195,2003-05-21,2,5,2003
478,ON196,2003-07-16,3,7,2003
479,ON197,2003-09-12,3,9,2003
480,ON198,2003-10-18,4,10,2003
481,ON199,2003-11-05,4,11,2003
482,ON200,2003-11-12,4,11,2003
483,ON201,2003-11-21,4,11,2003
484,ON202,2003-12-03,4,12,2003
485,ON37,2004-01-29,1,1,2004
486,ON203,2004-03-02,1,3,2004
487,ON204,2004-04-29,2,4,2004
488,ON205,2004-06-08,2,6,2004
489,ON42,2004-08-17,3,8,2004
490,ON206,2004-09-03,3,9,2004
491,ON44,2004-10-11,4,10,2004
492,ON45,2004-10-21,4,10,2004
493,ON46,2004-11-04,4,11,2004
494,ON207,2004-11-17,4,11,2004
495,ON208,2004-11-29,4,11,2004
496,ON189,2004-12-09,4,12,2004
497,ON50,2005-01-20,1,1,2005
498,ON209,2005-02-16,1,2,2005
499,ON52,2005-03-09,1,3,2005
500,ON210,2005-05-30,2,5,2005
501,ON193,2003-01-10,1,1,2003
502,ON194,2003-03-25,1,3,2003
503,ON29,2003-05-28,2,5,2003
504,ON196,2003-07-16,3,7,2003
505,ON197,2003-09-12,3,9,2003
506,ON198,2003-10-18,4,10,2003
507,ON199,2003-11-05,4,11,2003
508,ON200,2003-11-12,4,11,2003
509,ON201,2003-11-21,4,11,2003
510,ON202,2003-12-03,4,12,2003
511,ON37,2004-01-29,1,1,2004
512,ON203,2004-03-02,1,3,2004
513,ON204,2004-04-29,2,4,2004
514,ON205,2004-06-08,2,6,2004
515,ON42,2004-08-17,3,8,2004
516,ON206,2004-09-03,3,9,2004
517,ON44,2004-10-11,4,10,2004
518,ON45,2004-10-21,4,10,2004
519,ON46,2004-11-04,4,11,2004
520,ON207,2004-11-17,4,11,2004
521,ON48,2004-11-29,4,11,2004
522,ON189,2004-12-09,4,12,2004
523,ON50,2005-01-20,1,1,2005
524,ON51,2005-02-17,1,2,2005
525,ON52,2005-03-09,1,3,2005
526,ON210,2005-05-30,2,5,2005
527,ON211,2003-03-18,1,3,2003
528,ON212,2003-05-20,2,5,2003
529,ON213,2003-07-10,3,7,2003
530,ON180,2003-09-11,3,9,2003
531,ON181,2003-10-17,4,10,2003
532,ON214,2003-11-05,4,11,2003
533,ON109,2003-11-12,4,11,2003
534,ON173,2003-11-20,4,11,2003
535,ON183,2003-12-02,4,12,2003
536,ON158,2004-01-16,1,1,2004
537,ON215,2004-02-26,1,2,2004
538,ON216,2004-04-13,2,4,2004
539,ON114,2004-06-01,2,6,2004
540,ON115,2004-07-06,3,7,2004
541,ON185,2004-08-06,3,8,2004
542,ON217,2004-09-01,3,9,2004
543,ON186,2003-10-05,4,10,2003
544,ON218,2004-10-16,4,10,2004
545,ON176,2004-11-04,4,11,2004
546,ON187,2004-11-17,4,11,2004
547,ON219,2004-11-24,4,11,2004
548,ON220,2005-01-12,1,1,2005
549,ON221,2005-02-10,1,2,2005
550,ON222,2005-04-22,2,4,2005
551,ON123,2005-05-17,2,5,2005
552,ON223,2003-02-17,1,2,2003
553,ON65,2003-04-28,2,4,2003
554,ON224,2003-06-16,2,6,2003
555,ON67,2003-08-10,3,8,2003
556,ON68,2003-10-06,4,10,2003
557,ON69,2003-10-23,4,10,2003
558,ON70,2003-11-08,4,11,2003
559,ON71,2003-11-14,4,11,2003
560,ON225,2003-11-27,4,11,2003
561,ON56,2004-01-12,1,1,2004
562,ON74,2004-02-19,1,2,2004
563,ON226,2004-05-11,2,5,2004
564,ON227,2004-06-24,2,6,2004
565,ON228,2004-07-21,3,7,2004
566,ON229,2004-08-21,3,8,2004
567,ON230,2004-09-15,3,9,2004
568,ON80,2004-10-14,4,10,2004
569,ON81,2004-11-01,4,11,2004
570,ON231,2004-11-10,4,11,2004
571,ON232,2004-11-22,4,11,2004
572,ON233,2004-12-03,4,12,2004
573,ON86,2005-01-31,1,1,2005
574,ON234,2005-03-01,1,3,2005
575,ON235,2005-03-30,1,3,2005
576,ON89,2005-04-01,2,4,2005
577,ON236,2005-05-10,2,5,2005
578,ON237,2003-01-06,1,1,2003
579,ON211,2003-03-18,1,3,2003
580,ON238,2003-05-21,2,5,2003
581,ON197,2003-09-12,3,9,2003
582,ON198,2003-10-18,4,10,2003
583,ON199,2003-11-05,4,11,2003
584,ON200,2003-11-12,4,11,2003
585,ON201,2003-11-21,4,11,2003
586,ON183,2003-12-02,4,12,2003
587,ON239,2004-01-26,1,1,2004
588,ON203,2004-03-02,1,3,2004
589,ON216,2004-04-13,2,4,2004
590,ON42,2004-08-17,3,8,2004
591,ON217,2004-09-01,3,9,2004
592,ON240,2003-10-06,4,10,2003
593,ON45,2004-10-21,4,10,2004
594,ON187,2004-11-17,4,11,2004
595,ON241,2004-11-25,4,11,2004
596,ON220,2005-01-12,1,1,2005
597,ON242,2005-02-10,1,2,2005
598,ON222,2005-04-22,2,4,2005
599,ON243,2005-05-29,2,5,2005
600,ON104,2003-03-03,1,3,2003
601,ON105,2003-05-08,2,5,2003
602,ON106,2003-07-02,3,7,2003
603,ON107,2003-09-05,3,9,2003
604,ON156,2003-10-11,4,10,2003
605,ON157,2003-11-04,4,11,2003
606,ON109,2003-11-12,4,11,2003
607,ON173,2003-11-20,4,11,2003
608,ON111,2003-12-02,4,12,2003
609,ON158,2004-01-16,1,1,2004
610,ON112,2004-02-22,1,2,2004
611,ON174,2004-04-12,2,4,2004
612,ON114,2004-06-01,2,6,2004
613,ON115,2004-07-06,3,7,2004
614,ON185,2004-08-06,3,8,2004
615,ON117,2004-08-30,3,8,2004
616,ON118,2003-10-04,4,10,2003
617,ON119,2004-10-16,4,10,2004
618,ON176,2004-11-04,4,11,2004
619,ON20,2004-11-15,4,11,2004
620,ON188,2004-11-24,4,11,2004
621,ON121,2005-01-06,1,1,2005
622,ON162,2005-02-09,1,2,2005
623,ON122,2005-03-03,1,3,2005
624,ON177,2005-04-14,2,4,2005
625,ON123,2005-05-17,2,5,2005
626,ON178,2003-03-10,1,3,2003
627,ON105,2003-05-08,2,5,2003
628,ON179,2003-07-04,3,7,2003
629,ON180,2003-09-11,3,9,2003
630,ON181,2003-10-17,4,10,2003
631,ON182,2003-11-05,4,11,2003
632,ON109,2003-11-12,4,11,2003
633,ON173,2003-11-20,4,11,2003
634,ON183,2003-12-02,4,12,2003
635,ON158,2004-01-16,1,1,2004
636,ON215,2004-02-26,1,2,2004
637,ON184,2004-04-13,2,4,2004
638,ON114,2004-06-01,2,6,2004
639,ON115,2004-07-06,3,7,2004
640,ON185,2004-08-06,3,8,2004
641,ON117,2004-08-30,3,8,2004
642,ON186,2003-10-05,4,10,2003
643,ON119,2004-10-16,4,10,2004
644,ON176,2004-11-04,4,11,2004
645,ON187,2004-11-17,4,11,2004
646,ON188,2004-11-24,4,11,2004
647,ON189,2004-12-09,4,12,2004
648,ON244,2005-01-10,1,1,2005
649,ON162,2005-02-09,1,2,2005
650,ON191,2005-03-04,1,3,2005
651,ON192,2005-04-15,2,4,2005
652,ON123,2005-05-17,2,5,2005
653,ON151,2003-01-31,1,1,2003
654,ON163,2003-04-04,2,4,2003
655,ON125,2003-06-03,2,6,2003
656,ON164,2003-08-01,3,8,2003
657,ON165,2003-09-21,3,9,2003
658,ON128,2003-10-22,4,10,2003
659,ON129,2003-11-06,4,11,2003
660,ON166,2003-11-14,4,11,2003
661,ON167,2003-11-25,4,11,2003
662,ON94,2003-12-09,4,12,2003
663,ON168,2004-02-10,1,2,2004
664,ON152,2004-03-15,1,3,2004
665,ON169,2004-05-05,2,5,2004
666,ON97,2004-06-15,2,6,2004
667,ON170,2004-07-20,3,7,2004
668,ON137,2004-08-20,3,8,2004
669,ON171,2004-09-08,3,9,2004
670,ON99,2004-10-13,4,10,2004
671,ON140,2004-10-22,4,10,2004
672,ON153,2004-11-05,4,11,2004
673,ON141,2004-11-20,4,11,2004
674,ON160,2004-12-01,4,12,2004
675,ON154,2004-12-10,4,12,2004
676,ON143,2005-01-23,1,1,2005
677,ON144,2005-02-17,1,2,2005
678,ON172,2005-05-03,2,5,2005
679,ON103,2005-05-31,2,5,2005
680,ON237,2003-01-06,1,1,2003
681,ON211,2003-03-18,1,3,2003
682,ON238,2003-05-21,2,5,2003
683,ON197,2003-09-12,3,9,2003
684,ON198,2003-10-18,4,10,2003
685,ON199,2003-11-05,4,11,2003
686,ON200,2003-11-12,4,11,2003
687,ON201,2003-11-21,4,11,2003
688,ON183,2003-12-02,4,12,2003
689,ON239,2004-01-26,1,1,2004
690,ON203,2004-03-02,1,3,2004
691,ON216,2004-04-13,2,4,2004
692,ON42,2004-08-17,3,8,2004
693,ON217,2004-09-01,3,9,2004
694,ON245,2004-10-06,4,10,2004
695,ON45,2004-10-21,4,10,2004
696,ON207,2004-11-17,4,11,2004
697,ON241,2004-11-25,4,11,2004
698,ON220,2005-01-12,1,1,2005
699,ON242,2005-02-10,1,2,2005
700,ON222,2005-04-22,2,4,2005
701,ON243,2005-05-29,2,5,2005
702,ON151,2003-01-31,1,1,2003
703,ON91,2003-04-01,2,4,2003
704,ON125,2003-06-03,2,6,2003
705,ON164,2003-08-01,3,8,2003
706,ON165,2003-09-21,3,9,2003
707,ON128,2003-10-22,4,10,2003
708,ON93,2003-11-06,4,11,2003
709,ON166,2003-11-14,4,11,2003
710,ON167,2003-11-25,4,11,2003
711,ON94,2003-12-09,4,12,2003
712,ON96,2004-03-11,1,3,2004
713,ON169,2004-05-05,2,5,2004
714,ON97,2004-06-15,2,6,2004
715,ON170,2004-07-20,3,7,2004
716,ON98,2004-08-19,3,8,2004
717,ON171,2004-09-08,3,9,2004
718,ON99,2004-10-13,4,10,2004
719,ON100,2004-10-22,4,10,2004
720,ON153,2004-11-05,4,11,2004
721,ON101,2004-11-19,4,11,2004
722,ON160,2004-12-01,4,12,2004
723,ON154,2004-12-10,4,12,2004
724,ON102,2005-01-20,1,1,2005
725,ON246,2005-02-22,1,2,2005
726,ON172,2005-05-03,2,5,2005
727,ON103,2005-05-31,2,5,2005
728,ON247,2003-01-09,1,1,2003
729,ON211,2003-03-18,1,3,2003
730,ON238,2003-05-21,2,5,2003
731,ON197,2003-09-12,3,9,2003
732,ON198,2003-10-18,4,10,2003
733,ON199,2003-11-05,4,11,2003
734,ON200,2003-11-12,4,11,2003
735,ON201,2003-11-21,4,11,2003
736,ON183,2003-12-02,4,12,2003
737,ON239,2004-01-26,1,1,2004
738,ON203,2004-03-02,1,3,2004
739,ON248,2004-04-26,2,4,2004
740,ON42,2004-08-17,3,8,2004
741,ON217,2004-09-01,3,9,2004
742,ON44,2004-10-11,4,10,2004
743,ON45,2004-10-21,4,10,2004
744,ON46,2004-11-04,4,11,2004
745,ON207,2004-11-17,4,11,2004
746,ON241,2004-11-25,4,11,2004
747,ON189,2004-12-09,4,12,2004
748,ON220,2005-01-12,1,1,2005
749,ON209,2005-02-16,1,2,2005
750,ON191,2005-03-04,1,3,2005
751,ON249,2005-04-23,2,4,2005
752,ON243,2005-05-29,2,5,2005
753,ON27,2003-01-29,1,1,2003
754,ON91,2003-04-01,2,4,2003
755,ON29,2003-05-28,2,5,2003
756,ON30,2003-07-24,3,7,2003
757,ON165,2003-09-21,3,9,2003
758,ON128,2003-10-22,4,10,2003
759,ON93,2003-11-06,4,11,2003
760,ON166,2003-11-14,4,11,2003
761,ON35,2003-11-25,4,11,2003
762,ON94,2003-12-09,4,12,2003
763,ON95,2004-02-04,1,2,2004
764,ON96,2004-03-11,1,3,2004
765,ON169,2004-05-05,2,5,2004
766,ON97,2004-06-15,2,6,2004
767,ON170,2004-07-20,3,7,2004
768,ON98,2004-08-19,3,8,2004
769,ON43,2004-09-08,3,9,2004
770,ON99,2004-10-13,4,10,2004
771,ON100,2004-10-22,4,10,2004
772,ON46,2004-11-04,4,11,2004
773,ON101,2004-11-19,4,11,2004
774,ON48,2004-11-29,4,11,2004
775,ON49,2004-12-10,4,12,2004
776,ON102,2005-01-20,1,1,2005
777,ON51,2005-02-17,1,2,2005
778,ON52,2005-03-09,1,3,2005
779,ON172,2005-05-03,2,5,2005
780,ON103,2005-05-31,2,5,2005
781,ON223,2003-02-17,1,2,2003
782,ON55,2003-04-29,2,4,2003
783,ON250,2003-06-27,2,6,2003
784,ON4,2003-08-25,3,8,2003
785,ON6,2003-10-28,4,10,2003
786,ON56,2004-01-12,1,1,2004
787,ON11,2004-02-20,1,2,2004
788,ON251,2004-04-02,2,4,2004
789,ON226,2004-05-11,2,5,2004
790,ON14,2004-06-28,2,6,2004
791,ON15,2004-07-23,3,7,2004
792,ON229,2004-08-21,3,8,2004
793,ON252,2004-09-16,3,9,2004
794,ON59,2004-10-15,4,10,2004
795,ON19,2004-11-02,4,11,2004
796,ON231,2004-11-10,4,11,2004
797,ON60,2004-11-23,4,11,2004
798,ON253,2004-12-04,4,12,2004
799,ON61,2005-02-02,1,2,2005
800,ON234,2005-03-01,1,3,2005
801,ON235,2005-03-30,1,3,2005
802,ON254,2005-04-03,2,4,2005
803,ON236,2005-05-10,2,5,2005
804,ON1,2003-02-24,1,2,2003
805,ON55,2003-04-29,2,4,2003
806,ON3,2003-07-01,3,7,2003
807,ON4,2003-08-25,3,8,2003
808,ON5,2003-10-10,4,10,2003
809,ON6,2003-10-28,4,10,2003
810,ON7,2003-11-11,4,11,2003
811,ON8,2003-11-18,4,11,2003
812,ON9,2003-12-01,4,12,2003
813,ON56,2004-01-12,1,1,2004
814,ON11,2004-02-20,1,2,2004
815,ON57,2004-04-03,2,4,2004
816,ON13,2004-05-18,2,5,2004
817,ON14,2004-06-28,2,6,2004
818,ON15,2004-07-23,3,7,2004
819,ON16,2004-08-27,3,8,2004
820,ON58,2004-09-27,3,9,2004
821,ON59,2004-10-15,4,10,2004
822,ON19,2004-11-02,4,11,2004
823,ON20,2004-11-15,4,11,2004
824,ON60,2004-11-23,4,11,2004
825,ON63,2005-01-05,1,1,2005
826,ON61,2005-02-02,1,2,2005
827,ON122,2005-03-03,1,3,2005
828,ON62,2005-04-07,2,4,2005
829,ON26,2005-05-13,2,5,2005
830,ON247,2003-01-09,1,1,2003
831,ON211,2003-03-18,1,3,2003
832,ON195,2003-05-21,2,5,2003
833,ON196,2003-07-16,3,7,2003
834,ON197,2003-09-12,3,9,2003
835,ON198,2003-10-18,4,10,2003
836,ON199,2003-11-05,4,11,2003
837,ON200,2003-11-12,4,11,2003
838,ON201,2003-11-21,4,11,2003
839,ON202,2003-12-03,4,12,2003
840,ON239,2004-01-26,1,1,2004
841,ON203,2004-03-02,1,3,2004
842,ON204,2004-04-29,2,4,2004
843,ON255,2004-06-04,2,6,2004
844,ON42,2004-08-17,3,8,2004
845,ON206,2004-09-03,3,9,2004
846,ON44,2004-10-11,4,10,2004
847,ON45,2004-10-21,4,10,2004
848,ON46,2004-11-04,4,11,2004
849,ON207,2004-11-17,4,11,2004
850,ON48,2004-11-29,4,11,2004
851,ON189,2004-12-09,4,12,2004
852,ON220,2005-01-12,1,1,2005
853,ON209,2005-02-16,1,2,2005
854,ON191,2005-03-04,1,3,2005
855,ON256,2005-05-29,2,5,2005
856,ON178,2003-03-10,1,3,2003
857,ON212,2003-05-20,2,5,2003
858,ON213,2003-07-10,3,7,2003
859,ON180,2003-09-11,3,9,2003
860,ON181,2003-10-17,4,10,2003
861,ON214,2003-11-05,4,11,2003
862,ON109,2003-11-12,4,11,2003
863,ON173,2003-11-20,4,11,2003
864,ON183,2003-12-02,4,12,2003
865,ON158,2004-01-16,1,1,2004
866,ON215,2004-02-26,1,2,2004
867,ON216,2004-04-13,2,4,2004
868,ON114,2004-06-01,2,6,2004
869,ON115,2004-07-06,3,7,2004
870,ON185,2004-08-06,3,8,2004
871,ON117,2004-08-30,3,8,2004
872,ON186,2003-10-05,4,10,2003
873,ON218,2004-10-16,4,10,2004
874,ON176,2004-11-04,4,11,2004
875,ON187,2004-11-17,4,11,2004
876,ON219,2004-11-24,4,11,2004
877,ON244,2005-01-10,1,1,2005
878,ON242,2005-02-10,1,2,2005
879,ON222,2005-04-22,2,4,2005
880,ON123,2005-05-17,2,5,2005
881,ON27,2003-01-29,1,1,2003
882,ON28,2003-03-24,1,3,2003
883,ON29,2003-05-28,2,5,2003
884,ON196,2003-07-16,3,7,2003
885,ON31,2003-09-19,3,9,2003
886,ON32,2003-10-20,4,10,2003
887,ON33,2003-11-06,4,11,2003
888,ON34,2003-11-13,4,11,2003
889,ON201,2003-11-21,4,11,2003
890,ON36,2003-12-05,4,12,2003
891,ON37,2004-01-29,1,1,2004
892,ON38,2004-03-10,1,3,2004
893,ON204,2004-04-29,2,4,2004
894,ON257,2004-06-14,2,6,2004
895,ON41,2004-07-19,3,7,2004
896,ON42,2004-08-17,3,8,2004
897,ON43,2004-09-08,3,9,2004
898,ON44,2004-10-11,4,10,2004
899,ON45,2004-10-21,4,10,2004
900,ON46,2004-11-04,4,11,2004
901,ON47,2004-11-18,4,11,2004
902,ON48,2004-11-29,4,11,2004
903,ON49,2004-12-10,4,12,2004
904,ON50,2005-01-20,1,1,2005
905,ON51,2005-02-17,1,2,2005
906,ON52,2005-03-09,1,3,2005
907,ON258,2005-05-30,2,5,2005
908,ON27,2003-01-29,1,1,2003
909,ON194,2003-03-25,1,3,2003
910,ON29,2003-05-28,2,5,2003
911,ON196,2003-07-16,3,7,2003
912,ON31,2003-09-19,3,9,2003
913,ON32,2003-10-20,4,10,2003
914,ON199,2003-11-05,4,11,2003
915,ON34,2003-11-13,4,11,2003
916,ON201,2003-11-21,4,11,2003
917,ON36,2003-12-05,4,12,2003
918,ON37,2004-01-29,1,1,2004
919,ON38,2004-03-10,1,3,2004
920,ON204,2004-04-29,2,4,2004
921,ON257,2004-06-14,2,6,2004
922,ON259,2004-07-16,3,7,2004
923,ON42,2004-08-17,3,8,2004
924,ON43,2004-09-08,3,9,2004
925,ON44,2004-10-11,4,10,2004
926,ON45,2004-10-21,4,10,2004
927,ON46,2004-11-04,4,11,2004
928,ON207,2004-11-17,4,11,2004
929,ON48,2004-11-29,4,11,2004
930,ON49,2004-12-10,4,12,2004
931,ON50,2005-01-20,1,1,2005
932,ON51,2005-02-17,1,2,2005
933,ON260,2005-03-10,1,3,2005
934,ON258,2005-05-30,2,5,2005
935,ON223,2003-02-17,1,2,2003
936,ON65,2003-04-28,2,4,2003
937,ON261,2003-06-16,2,6,2003
938,ON67,2003-08-10,3,8,2003
939,ON68,2003-10-06,4,10,2003
940,ON69,2003-10-23,4,10,2003
941,ON70,2003-11-08,4,11,2003
942,ON71,2003-11-14,4,11,2003
943,ON72,2003-11-26,4,11,2003
944,ON73,2004-01-09,1,1,2004
945,ON74,2004-02-19,1,2,2004
946,ON75,2004-05-07,2,5,2004
947,ON227,2004-06-24,2,6,2004
948,ON77,2004-07-21,3,7,2004
949,ON78,2004-08-20,3,8,2004
950,ON230,2004-09-15,3,9,2004
951,ON80,2004-10-14,4,10,2004
952,ON81,2004-11-01,4,11,2004
953,ON231,2004-11-10,4,11,2004
954,ON232,2004-11-22,4,11,2004
955,ON84,2004-12-02,4,12,2004
956,ON86,2005-01-31,1,1,2005
957,ON234,2005-03-01,1,3,2005
958,ON235,2005-03-30,1,3,2005
959,ON89,2005-04-01,2,4,2005
960,ON90,2005-05-06,2,5,2005
961,ON27,2003-01-29,1,1,2003
962,ON194,2003-03-25,1,3,2003
963,ON29,2003-05-28,2,5,2003
964,ON196,2003-07-16,3,7,2003
965,ON31,2003-09-19,3,9,2003
966,ON32,2003-10-20,4,10,2003
967,ON199,2003-11-05,4,11,2003
968,ON34,2003-11-13,4,11,2003
969,ON201,2003-11-21,4,11,2003
970,ON36,2003-12-05,4,12,2003
971,ON37,2004-01-29,1,1,2004
972,ON38,2004-03-10,1,3,2004
973,ON204,2004-04-29,2,4,2004
974,ON257,2004-06-14,2,6,2004
975,ON41,2004-07-19,3,7,2004
976,ON42,2004-08-17,3,8,2004
977,ON43,2004-09-08,3,9,2004
978,ON44,2004-10-11,4,10,2004
979,ON45,2004-10-21,4,10,2004
980,ON46,2004-11-04,4,11,2004
981,ON207,2004-11-17,4,11,2004
982,ON48,2004-11-29,4,11,2004
983,ON49,2004-12-10,4,12,2004
984,ON50,2005-01-20,1,1,2005
985,ON51,2005-02-17,1,2,2005
986,ON260,2005-03-10,1,3,2005
987,ON258,2005-05-30,2,5,2005
988,ON64,2003-02-11,1,2,2003
989,ON124,2003-04-16,2,4,2003
990,ON262,2003-06-06,2,6,2003
991,ON126,2003-08-08,3,8,2003
992,ON127,2003-09-28,3,9,2003
993,ON263,2003-10-21,4,10,2003
994,ON264,2003-11-07,4,11,2003
995,ON130,2003-11-14,4,11,2003
996,ON131,2003-11-26,4,11,2003
997,ON132,2004-01-02,1,1,2004
998,ON265,2004-02-18,1,2,2004
999,ON266,2004-03-20,1,3,2004
1000,ON75,2004-05-07,2,5,2004
1001,ON77,2004-07-21,3,7,2004
1002,ON137,2004-08-20,3,8,2004
1003,ON138,2004-09-09,3,9,2004
1004,ON139,2004-10-14,4,10,2004
1005,ON140,2004-10-22,4,10,2004
1006,ON82,2004-11-05,4,11,2004
1007,ON141,2004-11-20,4,11,2004
1008,ON84,2004-12-02,4,12,2004
1009,ON155,2005-01-26,1,1,2005
1010,ON246,2005-02-22,1,2,2005
1011,ON161,2005-03-23,1,3,2005
1012,ON90,2005-05-06,2,5,2005
1013,ON151,2003-01-31,1,1,2003
1014,ON178,2003-03-10,1,3,2003
1015,ON91,2003-04-01,2,4,2003
1016,ON105,2003-05-08,2,5,2003
1017,ON125,2003-06-03,2,6,2003
1018,ON179,2003-07-04,3,7,2003
1019,ON164,2003-08-01,3,8,2003
1020,ON180,2003-09-11,3,9,2003
1021,ON165,2003-09-21,3,9,2003
1022,ON156,2003-10-11,4,10,2003
1023,ON128,2003-10-22,4,10,2003
1024,ON182,2003-11-05,4,11,2003
1025,ON93,2003-11-06,4,11,2003
1026,ON109,2003-11-12,4,11,2003
1027,ON166,2003-11-14,4,11,2003
1028,ON173,2003-11-20,4,11,2003
1029,ON167,2003-11-25,4,11,2003
1030,ON111,2003-12-02,4,12,2003
1031,ON94,2003-12-09,4,12,2003
1032,ON158,2004-01-16,1,1,2004
1033,ON112,2004-02-22,1,2,2004
1034,ON96,2004-03-11,1,3,2004
1035,ON174,2004-04-12,2,4,2004
1036,ON169,2004-05-05,2,5,2004
1037,ON114,2004-06-01,2,6,2004
1038,ON97,2004-06-15,2,6,2004
1039,ON115,2004-07-06,3,7,2004
1040,ON170,2004-07-20,3,7,2004
1041,ON185,2004-08-06,3,8,2004
1042,ON98,2004-08-19,3,8,2004
1043,ON117,2004-08-30,3,8,2004
1044,ON171,2004-09-08,3,9,2004
1045,ON186,2003-10-05,4,10,2003
1046,ON99,2004-10-13,4,10,2004
1047,ON119,2004-10-16,4,10,2004
1048,ON100,2004-10-22,4,10,2004
1049,ON176,2004-11-04,4,11,2004
1050,ON153,2004-11-05,4,11,2004
1051,ON187,2004-11-17,4,11,2004
1052,ON101,2004-11-19,4,11,2004
1053,ON188,2004-11-24,4,11,2004
1054,ON160,2004-12-01,4,12,2004
1055,ON154,2004-12-10,4,12,2004
1056,ON244,2005-01-10,1,1,2005
1057,ON102,2005-01-20,1,1,2005
1058,ON162,2005-02-09,1,2,2005
1059,ON246,2005-02-22,1,2,2005
1060,ON267,2005-03-15,1,3,2005
1061,ON177,2005-04-14,2,4,2005
1062,ON172,2005-05-03,2,5,2005
1063,ON123,2005-05-17,2,5,2005
1064,ON103,2005-05-31,2,5,2005
1065,ON64,2003-02-11,1,2,2003
1066,ON124,2003-04-16,2,4,2003
1067,ON262,2003-06-06,2,6,2003
1068,ON126,2003-08-08,3,8,2003
1069,ON127,2003-09-28,3,9,2003
1070,ON128,2003-10-22,4,10,2003
1071,ON264,2003-11-07,4,11,2003
1072,ON130,2003-11-14,4,11,2003
1073,ON131,2003-11-26,4,11,2003
1074,ON132,2004-01-02,1,1,2004
1075,ON265,2004-02-18,1,2,2004
1076,ON266,2004-03-20,1,3,2004
1077,ON75,2004-05-07,2,5,2004
1078,ON77,2004-07-21,3,7,2004
1079,ON137,2004-08-20,3,8,2004
1080,ON138,2004-09-09,3,9,2004
1081,ON139,2004-10-14,4,10,2004
1082,ON140,2004-10-22,4,10,2004
1083,ON268,2004-11-09,4,11,2004
1084,ON141,2004-11-20,4,11,2004
1085,ON84,2004-12-02,4,12,2004
1086,ON155,2005-01-26,1,1,2005
1087,ON246,2005-02-22,1,2,2005
1088,ON161,2005-03-23,1,3,2005
1089,ON90,2005-05-06,2,5,2005
1090,ON104,2003-03-03,1,3,2003
1091,ON105,2003-05-08,2,5,2003
1092,ON106,2003-07-02,3,7,2003
1093,ON107,2003-09-05,3,9,2003
1094,ON5,2003-10-10,4,10,2003
1095,ON108,2003-11-04,4,11,2003
1096,ON109,2003-11-12,4,11,2003
1097,ON110,2003-11-20,4,11,2003
1098,ON111,2003-12-02,4,12,2003
1099,ON10,2004-01-15,1,1,2004
1100,ON112,2004-02-22,1,2,2004
1101,ON113,2004-04-09,2,4,2004
1102,ON269,2004-05-26,2,5,2004
1103,ON270,2004-07-02,3,7,2004
1104,ON116,2004-08-02,3,8,2004
1105,ON117,2004-08-30,3,8,2004
1106,ON118,2003-10-04,4,10,2003
1107,ON119,2004-10-16,4,10,2004
1108,ON150,2004-11-03,4,11,2004
1109,ON20,2004-11-15,4,11,2004
1110,ON188,2004-11-24,4,11,2004
1111,ON121,2005-01-06,1,1,2005
1112,ON221,2005-02-10,1,2,2005
1113,ON191,2005-03-04,1,3,2005
1114,ON27,2003-01-29,1,1,2003
1115,ON194,2003-03-25,1,3,2003
1116,ON29,2003-05-28,2,5,2003
1117,ON196,2003-07-16,3,7,2003
1118,ON197,2003-09-12,3,9,2003
1119,ON32,2003-10-20,4,10,2003
1120,ON199,2003-11-05,4,11,2003
1121,ON200,2003-11-12,4,11,2003
1122,ON201,2003-11-21,4,11,2003
1123,ON36,2003-12-05,4,12,2003
1124,ON37,2004-01-29,1,1,2004
1125,ON203,2004-03-02,1,3,2004
1126,ON204,2004-04-29,2,4,2004
1127,ON257,2004-06-14,2,6,2004
1128,ON42,2004-08-17,3,8,2004
1129,ON271,2004-09-07,3,9,2004
1130,ON44,2004-10-11,4,10,2004
1131,ON45,2004-10-21,4,10,2004
1132,ON272,2004-11-05,4,11,2004
1133,ON47,2004-11-18,4,11,2004
1134,ON48,2004-11-29,4,11,2004
1135,ON49,2004-12-10,4,12,2004
1136,ON50,2005-01-20,1,1,2005
1137,ON144,2005-02-17,1,2,2005
1138,ON260,2005-03-10,1,3,2005
1139,ON258,2005-05-30,2,5,2005
1140,ON104,2003-03-03,1,3,2003
1141,ON105,2003-05-08,2,5,2003
1142,ON106,2003-07-02,3,7,2003
1143,ON107,2003-09-05,3,9,2003
1144,ON5,2003-10-10,4,10,2003
1145,ON108,2003-11-04,4,11,2003
1146,ON109,2003-11-12,4,11,2003
1147,ON110,2003-11-20,4,11,2003
1148,ON111,2003-12-02,4,12,2003
1149,ON10,2004-01-15,1,1,2004
1150,ON112,2004-02-22,1,2,2004
1151,ON113,2004-04-09,2,4,2004
1152,ON269,2004-05-26,2,5,2004
1153,ON270,2004-07-02,3,7,2004
1154,ON116,2004-08-02,3,8,2004
1155,ON117,2004-08-30,3,8,2004
1156,ON118,2003-10-04,4,10,2003
1157,ON119,2004-10-16,4,10,2004
1158,ON120,2004-11-03,4,11,2004
1159,ON273,2004-11-16,4,11,2004
1160,ON188,2004-11-24,4,11,2004
1161,ON274,2004-12-07,4,12,2004
1162,ON121,2005-01-06,1,1,2005
1163,ON221,2005-02-10,1,2,2005
1164,ON191,2005-03-04,1,3,2005
1165,ON178,2003-03-10,1,3,2003
1166,ON212,2003-05-20,2,5,2003
1167,ON213,2003-07-10,3,7,2003
1168,ON180,2003-09-11,3,9,2003
1169,ON181,2003-10-17,4,10,2003
1170,ON214,2003-11-05,4,11,2003
1171,ON109,2003-11-12,4,11,2003
1172,ON173,2003-11-20,4,11,2003
1173,ON183,2003-12-02,4,12,2003
1174,ON158,2004-01-16,1,1,2004
1175,ON215,2004-02-26,1,2,2004
1176,ON184,2004-04-13,2,4,2004
1177,ON114,2004-06-01,2,6,2004
1178,ON115,2004-07-06,3,7,2004
1179,ON185,2004-08-06,3,8,2004
1180,ON117,2004-08-30,3,8,2004
1181,ON186,2003-10-05,4,10,2003
1182,ON218,2004-10-16,4,10,2004
1183,ON176,2004-11-04,4,11,2004
1184,ON187,2004-11-17,4,11,2004
1185,ON219,2004-11-24,4,11,2004
1186,ON220,2005-01-12,1,1,2005
1187,ON242,2005-02-10,1,2,2005
1188,ON192,2005-04-15,2,4,2005
1189,ON123,2005-05-17,2,5,2005
1190,ON104,2003-03-03,1,3,2003
1191,ON105,2003-05-08,2,5,2003
1192,ON106,2003-07-02,3,7,2003
1193,ON275,2003-09-03,3,9,2003
1194,ON5,2003-10-10,4,10,2003
1195,ON108,2003-11-04,4,11,2003
1196,ON7,2003-11-11,4,11,2003
1197,ON110,2003-11-20,4,11,2003
1198,ON10,2004-01-15,1,1,2004
1199,ON149,2004-02-21,1,2,2004
1200,ON12,2004-04-05,2,4,2004
1201,ON269,2004-05-26,2,5,2004
1202,ON276,2004-06-30,2,6,2004
1203,ON116,2004-08-02,3,8,2004
1204,ON277,2004-08-28,3,8,2004
1205,ON17,2004-09-30,3,9,2004
1206,ON119,2004-10-16,4,10,2004
1207,ON150,2004-11-03,4,11,2004
1208,ON273,2004-11-16,4,11,2004
1209,ON188,2004-11-24,4,11,2004
1210,ON274,2004-12-07,4,12,2004
1211,ON121,2005-01-06,1,1,2005
1212,ON221,2005-02-10,1,2,2005
1213,ON191,2005-03-04,1,3,2005
1214,ON25,2005-04-08,2,4,2005
1215,ON223,2003-02-17,1,2,2003
1216,ON65,2003-04-28,2,4,2003
1217,ON261,2003-06-16,2,6,2003
1218,ON67,2003-08-10,3,8,2003
1219,ON68,2003-10-06,4,10,2003
1220,ON69,2003-10-23,4,10,2003
1221,ON70,2003-11-08,4,11,2003
1222,ON71,2003-11-14,4,11,2003
1223,ON72,2003-11-26,4,11,2003
1224,ON73,2004-01-09,1,1,2004
1225,ON74,2004-02-19,1,2,2004
1226,ON278,2004-05-08,2,5,2004
1227,ON227,2004-06-24,2,6,2004
1228,ON77,2004-07-21,3,7,2004
1229,ON78,2004-08-20,3,8,2004
1230,ON230,2004-09-15,3,9,2004
1231,ON80,2004-10-14,4,10,2004
1232,ON81,2004-11-01,4,11,2004
1233,ON279,2004-11-12,4,11,2004
1234,ON232,2004-11-22,4,11,2004
1235,ON233,2004-12-03,4,12,2004
1236,ON86,2005-01-31,1,1,2005
1237,ON234,2005-03-01,1,3,2005
1238,ON235,2005-03-30,1,3,2005
1239,ON89,2005-04-01,2,4,2005
1240,ON280,2005-05-09,2,5,2005
1241,ON151,2003-01-31,1,1,2003
1242,ON124,2003-04-16,2,4,2003
1243,ON125,2003-06-03,2,6,2003
1244,ON126,2003-08-08,3,8,2003
1245,ON281,2003-09-25,3,9,2003
1246,ON128,2003-10-22,4,10,2003
1247,ON129,2003-11-06,4,11,2003
1248,ON130,2003-11-14,4,11,2003
1249,ON131,2003-11-26,4,11,2003
1250,ON94,2003-12-09,4,12,2003
1251,ON133,2004-02-12,1,2,2004
1252,ON152,2004-03-15,1,3,2004
1253,ON135,2004-05-05,2,5,2004
1254,ON136,2004-07-20,3,7,2004
1255,ON137,2004-08-20,3,8,2004
1256,ON171,2004-09-08,3,9,2004
1257,ON139,2004-10-14,4,10,2004
1258,ON140,2004-10-22,4,10,2004
1259,ON153,2004-11-05,4,11,2004
1260,ON83,2004-11-21,4,11,2004
1261,ON160,2004-12-01,4,12,2004
1262,ON154,2004-12-10,4,12,2004
1263,ON155,2005-01-26,1,1,2005
1264,ON246,2005-02-22,1,2,2005
1265,ON267,2005-03-15,1,3,2005
1266,ON145,2005-05-05,2,5,2005
1267,ON237,2003-01-06,1,1,2003
1268,ON211,2003-03-18,1,3,2003
1269,ON238,2003-05-21,2,5,2003
1270,ON180,2003-09-11,3,9,2003
1271,ON198,2003-10-18,4,10,2003
1272,ON199,2003-11-05,4,11,2003
1273,ON200,2003-11-12,4,11,2003
1274,ON201,2003-11-21,4,11,2003
1275,ON183,2003-12-02,4,12,2003
1276,ON282,2004-01-22,1,1,2004
1277,ON203,2004-03-02,1,3,2004
1278,ON216,2004-04-13,2,4,2004
1279,ON42,2004-08-17,3,8,2004
1280,ON217,2004-09-01,3,9,2004
1281,ON240,2003-10-06,4,10,2003
1282,ON218,2004-10-16,4,10,2004
1283,ON207,2004-11-17,4,11,2004
1284,ON241,2004-11-25,4,11,2004
1285,ON220,2005-01-12,1,1,2005
1286,ON209,2005-02-16,1,2,2005
1287,ON222,2005-04-22,2,4,2005
1288,ON243,2005-05-29,2,5,2005
1289,ON64,2003-02-11,1,2,2003
1290,ON124,2003-04-16,2,4,2003
1291,ON262,2003-06-06,2,6,2003
1292,ON126,2003-08-08,3,8,2003
1293,ON127,2003-09-28,3,9,2003
1294,ON263,2003-10-21,4,10,2003
1295,ON264,2003-11-07,4,11,2003
1296,ON130,2003-11-14,4,11,2003
1297,ON72,2003-11-26,4,11,2003
1298,ON132,2004-01-02,1,1,2004
1299,ON265,2004-02-18,1,2,2004
1300,ON266,2004-03-20,1,3,2004
1301,ON75,2004-05-07,2,5,2004
1302,ON76,2004-06-17,2,6,2004
1303,ON77,2004-07-21,3,7,2004
1304,ON78,2004-08-20,3,8,2004
1305,ON138,2004-09-09,3,9,2004
1306,ON139,2004-10-14,4,10,2004
1307,ON283,2004-10-29,4,10,2004
1308,ON268,2004-11-09,4,11,2004
1309,ON83,2004-11-21,4,11,2004
1310,ON84,2004-12-02,4,12,2004
1311,ON155,2005-01-26,1,1,2005
1312,ON246,2005-02-22,1,2,2005
1313,ON161,2005-03-23,1,3,2005
1314,ON90,2005-05-06,2,5,2005
1315,ON27,2003-01-29,1,1,2003
1316,ON91,2003-04-01,2,4,2003
1317,ON29,2003-05-28,2,5,2003
1318,ON30,2003-07-24,3,7,2003
1319,ON31,2003-09-19,3,9,2003
1320,ON92,2003-10-21,4,10,2003
1321,ON93,2003-11-06,4,11,2003
1322,ON34,2003-11-13,4,11,2003
1323,ON35,2003-11-25,4,11,2003
1324,ON94,2003-12-09,4,12,2003
1325,ON95,2004-02-04,1,2,2004
1326,ON96,2004-03-11,1,3,2004
1327,ON39,2004-05-04,2,5,2004
1328,ON97,2004-06-15,2,6,2004
1329,ON41,2004-07-19,3,7,2004
1330,ON98,2004-08-19,3,8,2004
1331,ON43,2004-09-08,3,9,2004
1332,ON99,2004-10-13,4,10,2004
1333,ON100,2004-10-22,4,10,2004
1334,ON272,2004-11-05,4,11,2004
1335,ON101,2004-11-19,4,11,2004
1336,ON48,2004-11-29,4,11,2004
1337,ON49,2004-12-10,4,12,2004
1338,ON102,2005-01-20,1,1,2005
1339,ON144,2005-02-17,1,2,2005
1340,ON53,2005-05-01,2,5,2005
1341,ON103,2005-05-31,2,5,2005
1342,ON27,2003-01-29,1,1,2003
1343,ON146,2003-03-26,1,3,2003
1344,ON29,2003-05-28,2,5,2003
1345,ON30,2003-07-24,3,7,2003
1346,ON31,2003-09-19,3,9,2003
1347,ON92,2003-10-21,4,10,2003
1348,ON33,2003-11-06,4,11,2003
1349,ON34,2003-11-13,4,11,2003
1350,ON35,2003-11-25,4,11,2003
1351,ON36,2003-12-05,4,12,2003
1352,ON37,2004-01-29,1,1,2004
1353,ON96,2004-03-11,1,3,2004
1354,ON39,2004-05-04,2,5,2004
1355,ON40,2004-06-15,2,6,2004
1356,ON41,2004-07-19,3,7,2004
1357,ON98,2004-08-19,3,8,2004
1358,ON43,2004-09-08,3,9,2004
1359,ON44,2004-10-11,4,10,2004
1360,ON45,2004-10-21,4,10,2004
1361,ON153,2004-11-05,4,11,2004
1362,ON47,2004-11-18,4,11,2004
1363,ON142,2004-11-01,4,11,2004
1364,ON154,2004-12-10,4,12,2004
1365,ON102,2005-01-20,1,1,2005
1366,ON144,2005-02-17,1,2,2005
1367,ON53,2005-05-01,2,5,2005
1368,ON54,2005-05-31,2,5,2005
1369,ON104,2003-03-03,1,3,2003
1370,ON105,2003-05-08,2,5,2003
1371,ON106,2003-07-02,3,7,2003
1372,ON275,2003-09-03,3,9,2003
1373,ON5,2003-10-10,4,10,2003
1374,ON108,2003-11-04,4,11,2003
1375,ON7,2003-11-11,4,11,2003
1376,ON110,2003-11-20,4,11,2003
1377,ON10,2004-01-15,1,1,2004
1378,ON112,2004-02-22,1,2,2004
1379,ON113,2004-04-09,2,4,2004
1380,ON269,2004-05-26,2,5,2004
1381,ON276,2004-06-30,2,6,2004
1382,ON116,2004-08-02,3,8,2004
1383,ON117,2004-08-30,3,8,2004
1384,ON17,2004-09-30,3,9,2004
1385,ON119,2004-10-16,4,10,2004
1386,ON150,2004-11-03,4,11,2004
1387,ON273,2004-11-16,4,11,2004
1388,ON188,2004-11-24,4,11,2004
1389,ON274,2004-12-07,4,12,2004
1390,ON121,2005-01-06,1,1,2005
1391,ON221,2005-02-10,1,2,2005
1392,ON191,2005-03-04,1,3,2005
1393,ON211,2003-03-18,1,3,2003
1394,ON238,2003-05-21,2,5,2003
1395,ON180,2003-09-11,3,9,2003
1396,ON181,2003-10-17,4,10,2003
1397,ON199,2003-11-05,4,11,2003
1398,ON200,2003-11-12,4,11,2003
1399,ON201,2003-11-21,4,11,2003
1400,ON183,2003-12-02,4,12,2003
1401,ON282,2004-01-22,1,1,2004
1402,ON203,2004-03-02,1,3,2004
1403,ON216,2004-04-13,2,4,2004
1404,ON284,2004-07-07,3,7,2004
1405,ON285,2004-08-09,3,8,2004
1406,ON217,2004-09-01,3,9,2004
1407,ON240,2003-10-06,4,10,2003
1408,ON218,2004-10-16,4,10,2004
1409,ON207,2004-11-17,4,11,2004
1410,ON241,2004-11-25,4,11,2004
1411,ON220,2005-01-12,1,1,2005
1412,ON209,2005-02-16,1,2,2005
1413,ON222,2005-04-22,2,4,2005
1414,ON243,2005-05-29,2,5,2005
1415,ON211,2003-03-18,1,3,2003
1416,ON238,2003-05-21,2,5,2003
1417,ON180,2003-09-11,3,9,2003
1418,ON181,2003-10-17,4,10,2003
1419,ON214,2003-11-05,4,11,2003
1420,ON200,2003-11-12,4,11,2003
1421,ON173,2003-11-20,4,11,2003
1422,ON183,2003-12-02,4,12,2003
1423,ON158,2004-01-16,1,1,2004
1424,ON215,2004-02-26,1,2,2004
1425,ON216,2004-04-13,2,4,2004
1426,ON284,2004-07-07,3,7,2004
1427,ON285,2004-08-09,3,8,2004
1428,ON217,2004-09-01,3,9,2004
1429,ON186,2003-10-05,4,10,2003
1430,ON218,2004-10-16,4,10,2004
1431,ON176,2004-11-04,4,11,2004
1432,ON207,2004-11-17,4,11,2004
1433,ON241,2004-11-25,4,11,2004
1434,ON220,2005-01-12,1,1,2005
1435,ON209,2005-02-16,1,2,2005
1436,ON222,2005-04-22,2,4,2005
1437,ON243,2005-05-29,2,5,2005
1438,ON151,2003-01-31,1,1,2003
1439,ON163,2003-04-04,2,4,2003
1440,ON125,2003-06-03,2,6,2003
1441,ON164,2003-08-01,3,8,2003
1442,ON281,2003-09-25,3,9,2003
1443,ON128,2003-10-22,4,10,2003
1444,ON129,2003-11-06,4,11,2003
1445,ON166,2003-11-14,4,11,2003
1446,ON167,2003-11-25,4,11,2003
1447,ON94,2003-12-09,4,12,2003
1448,ON133,2004-02-12,1,2,2004
1449,ON152,2004-03-15,1,3,2004
1450,ON169,2004-05-05,2,5,2004
1451,ON97,2004-06-15,2,6,2004
1452,ON170,2004-07-20,3,7,2004
1453,ON137,2004-08-20,3,8,2004
1454,ON171,2004-09-08,3,9,2004
1455,ON99,2004-10-13,4,10,2004
1456,ON140,2004-10-22,4,10,2004
1457,ON153,2004-11-05,4,11,2004
1458,ON141,2004-11-20,4,11,2004
1459,ON160,2004-12-01,4,12,2004
1460,ON154,2004-12-10,4,12,2004
1461,ON143,2005-01-23,1,1,2005
1462,ON246,2005-02-22,1,2,2005
1463,ON267,2005-03-15,1,3,2005
1464,ON172,2005-05-03,2,5,2005
1465,ON103,2005-05-31,2,5,2005
1466,ON1,2003-02-24,1,2,2003
1467,ON55,2003-04-29,2,4,2003
1468,ON3,2003-07-01,3,7,2003
1469,ON4,2003-08-25,3,8,2003
1470,ON5,2003-10-10,4,10,2003
1471,ON6,2003-10-28,4,10,2003
1472,ON7,2003-11-11,4,11,2003
1473,ON8,2003-11-18,4,11,2003
1474,ON9,2003-12-01,4,12,2003
1475,ON10,2004-01-15,1,1,2004
1476,ON11,2004-02-20,1,2,2004
1477,ON12,2004-04-05,2,4,2004
1478,ON13,2004-05-18,2,5,2004
1479,ON14,2004-06-28,2,6,2004
1480,ON15,2004-07-23,3,7,2004
1481,ON16,2004-08-27,3,8,2004
1482,ON17,2004-09-30,3,9,2004
1483,ON18,2004-10-15,4,10,2004
1484,ON19,2004-11-02,4,11,2004
1485,ON20,2004-11-15,4,11,2004
1486,ON60,2004-11-23,4,11,2004
1487,ON63,2005-01-05,1,1,2005
1488,ON61,2005-02-02,1,2,2005
1489,ON122,2005-03-03,1,3,2005
1490,ON25,2005-04-08,2,4,2005
1491,ON26,2005-05-13,2,5,2005
1492,ON211,2003-03-18,1,3,2003
1493,ON212,2003-05-20,2,5,2003
1494,ON213,2003-07-10,3,7,2003
1495,ON180,2003-09-11,3,9,2003
1496,ON181,2003-10-17,4,10,2003
1497,ON214,2003-11-05,4,11,2003
1498,ON109,2003-11-12,4,11,2003
1499,ON173,2003-11-20,4,11,2003
1500,ON183,2003-12-02,4,12,2003
1501,ON158,2004-01-16,1,1,2004
1502,ON215,2004-02-26,1,2,2004
1503,ON216,2004-04-13,2,4,2004
1504,ON115,2004-07-06,3,7,2004
1505,ON185,2004-08-06,3,8,2004
1506,ON217,2004-09-01,3,9,2004
1507,ON186,2003-10-05,4,10,2003
1508,ON218,2004-10-16,4,10,2004
1509,ON176,2004-11-04,4,11,2004
1510,ON207,2004-11-17,4,11,2004
1511,ON219,2004-11-24,4,11,2004
1512,ON220,2005-01-12,1,1,2005
1513,ON242,2005-02-10,1,2,2005
1514,ON222,2005-04-22,2,4,2005
1515,ON243,2005-05-29,2,5,2005
1516,ON223,2003-02-17,1,2,2003
1517,ON55,2003-04-29,2,4,2003
1518,ON250,2003-06-27,2,6,2003
1519,ON4,2003-08-25,3,8,2003
1520,ON6,2003-10-28,4,10,2003
1521,ON56,2004-01-12,1,1,2004
1522,ON11,2004-02-20,1,2,2004
1523,ON251,2004-04-02,2,4,2004
1524,ON226,2004-05-11,2,5,2004
1525,ON227,2004-06-24,2,6,2004
1526,ON15,2004-07-23,3,7,2004
1527,ON229,2004-08-21,3,8,2004
1528,ON252,2004-09-16,3,9,2004
1529,ON59,2004-10-15,4,10,2004
1530,ON81,2004-11-01,4,11,2004
1531,ON279,2004-11-12,4,11,2004
1532,ON60,2004-11-23,4,11,2004
1533,ON253,2004-12-04,4,12,2004
1534,ON61,2005-02-02,1,2,2005
1535,ON234,2005-03-01,1,3,2005
1536,ON235,2005-03-30,1,3,2005
1537,ON254,2005-04-03,2,4,2005
1538,ON236,2005-05-10,2,5,2005
1539,ON247,2003-01-09,1,1,2003
1540,ON211,2003-03-18,1,3,2003
1541,ON238,2003-05-21,2,5,2003
1542,ON197,2003-09-12,3,9,2003
1543,ON198,2003-10-18,4,10,2003
1544,ON199,2003-11-05,4,11,2003
1545,ON200,2003-11-12,4,11,2003
1546,ON201,2003-11-21,4,11,2003
1547,ON202,2003-12-03,4,12,2003
1548,ON239,2004-01-26,1,1,2004
1549,ON203,2004-03-02,1,3,2004
1550,ON248,2004-04-26,2,4,2004
1551,ON42,2004-08-17,3,8,2004
1552,ON217,2004-09-01,3,9,2004
1553,ON44,2004-10-11,4,10,2004
1554,ON45,2004-10-21,4,10,2004
1555,ON46,2004-11-04,4,11,2004
1556,ON207,2004-11-17,4,11,2004
1557,ON241,2004-11-25,4,11,2004
1558,ON189,2004-12-09,4,12,2004
1559,ON220,2005-01-12,1,1,2005
1560,ON209,2005-02-16,1,2,2005
1561,ON52,2005-03-09,1,3,2005
1562,ON249,2005-04-23,2,4,2005
1563,ON243,2005-05-29,2,5,2005
1564,ON1,2003-02-24,1,2,2003
1565,ON55,2003-04-29,2,4,2003
1566,ON3,2003-07-01,3,7,2003
1567,ON4,2003-08-25,3,8,2003
1568,ON286,2003-10-10,4,10,2003
1569,ON6,2003-10-28,4,10,2003
1570,ON7,2003-11-11,4,11,2003
1571,ON8,2003-11-18,4,11,2003
1572,ON9,2003-12-01,4,12,2003
1573,ON56,2004-01-12,1,1,2004
1574,ON11,2004-02-20,1,2,2004
1575,ON57,2004-04-03,2,4,2004
1576,ON226,2004-05-11,2,5,2004
1577,ON14,2004-06-28,2,6,2004
1578,ON15,2004-07-23,3,7,2004
1579,ON16,2004-08-27,3,8,2004
1580,ON252,2004-09-16,3,9,2004
1581,ON59,2004-10-15,4,10,2004
1582,ON19,2004-11-02,4,11,2004
1583,ON20,2004-11-15,4,11,2004
1584,ON287,2004-11-24,4,11,2004
1585,ON121,2005-01-06,1,1,2005
1586,ON23,2005-02-03,1,2,2005
1587,ON122,2005-03-03,1,3,2005
1588,ON62,2005-04-07,2,4,2005
1589,ON236,2005-05-10,2,5,2005
1590,ON64,2003-02-11,1,2,2003
1591,ON124,2003-04-16,2,4,2003
1592,ON66,2003-06-12,2,6,2003
1593,ON126,2003-08-08,3,8,2003
1594,ON127,2003-09-28,3,9,2003
1595,ON69,2003-10-23,4,10,2003
1596,ON264,2003-11-07,4,11,2003
1597,ON130,2003-11-14,4,11,2003
1598,ON72,2003-11-26,4,11,2003
1599,ON132,2004-01-02,1,1,2004
1600,ON265,2004-02-18,1,2,2004
1601,ON266,2004-03-20,1,3,2004
1602,ON75,2004-05-07,2,5,2004
1603,ON76,2004-06-17,2,6,2004
1604,ON77,2004-07-21,3,7,2004
1605,ON78,2004-08-20,3,8,2004
1606,ON138,2004-09-09,3,9,2004
1607,ON139,2004-10-14,4,10,2004
1608,ON283,2004-10-29,4,10,2004
1609,ON268,2004-11-09,4,11,2004
1610,ON83,2004-11-21,4,11,2004
1611,ON84,2004-12-02,4,12,2004
1612,ON155,2005-01-26,1,1,2005
1613,ON87,2005-02-23,1,2,2005
1614,ON161,2005-03-23,1,3,2005
1615,ON90,2005-05-06,2,5,2005
1616,ON247,2003-01-09,1,1,2003
1617,ON211,2003-03-18,1,3,2003
1618,ON238,2003-05-21,2,5,2003
1619,ON197,2003-09-12,3,9,2003
1620,ON198,2003-10-18,4,10,2003
1621,ON199,2003-11-05,4,11,2003
1622,ON200,2003-11-12,4,11,2003
1623,ON201,2003-11-21,4,11,2003
1624,ON202,2003-12-03,4,12,2003
1625,ON239,2004-01-26,1,1,2004
1626,ON203,2004-03-02,1,3,2004
1627,ON204,2004-04-29,2,4,2004
1628,ON255,2004-06-04,2,6,2004
1629,ON42,2004-08-17,3,8,2004
1630,ON206,2004-09-03,3,9,2004
1631,ON44,2004-10-11,4,10,2004
1632,ON45,2004-10-21,4,10,2004
1633,ON46,2004-11-04,4,11,2004
1634,ON207,2004-11-17,4,11,2004
1635,ON288,2004-11-25,4,11,2004
1636,ON189,2004-12-09,4,12,2004
1637,ON220,2005-01-12,1,1,2005
1638,ON209,2005-02-16,1,2,2005
1639,ON52,2005-03-09,1,3,2005
1640,ON256,2005-05-29,2,5,2005
1641,ON27,2003-01-29,1,1,2003
1642,ON91,2003-04-01,2,4,2003
1643,ON29,2003-05-28,2,5,2003
1644,ON30,2003-07-24,3,7,2003
1645,ON165,2003-09-21,3,9,2003
1646,ON128,2003-10-22,4,10,2003
1647,ON93,2003-11-06,4,11,2003
1648,ON166,2003-11-14,4,11,2003
1649,ON35,2003-11-25,4,11,2003
1650,ON94,2003-12-09,4,12,2003
1651,ON95,2004-02-04,1,2,2004
1652,ON96,2004-03-11,1,3,2004
1653,ON169,2004-05-05,2,5,2004
1654,ON97,2004-06-15,2,6,2004
1655,ON170,2004-07-20,3,7,2004
1656,ON98,2004-08-19,3,8,2004
1657,ON43,2004-09-08,3,9,2004
1658,ON99,2004-10-13,4,10,2004
1659,ON100,2004-10-22,4,10,2004
1660,ON153,2004-11-05,4,11,2004
1661,ON101,2004-11-19,4,11,2004
1662,ON142,2004-11-01,4,11,2004
1663,ON154,2004-12-10,4,12,2004
1664,ON143,2005-01-23,1,1,2005
1665,ON144,2005-02-17,1,2,2005
1666,ON172,2005-05-03,2,5,2005
1667,ON103,2005-05-31,2,5,2005
1668,ON104,2003-03-03,1,3,2003
1669,ON2,2003-05-07,2,5,2003
1670,ON106,2003-07-02,3,7,2003
1671,ON4,2003-08-25,3,8,2003
1672,ON5,2003-10-10,4,10,2003
1673,ON108,2003-11-04,4,11,2003
1674,ON7,2003-11-11,4,11,2003
1675,ON289,2003-11-19,4,11,2003
1676,ON10,2004-01-15,1,1,2004
1677,ON149,2004-02-21,1,2,2004
1678,ON12,2004-04-05,2,4,2004
1679,ON269,2004-05-26,2,5,2004
1680,ON276,2004-06-30,2,6,2004
1681,ON116,2004-08-02,3,8,2004
1682,ON16,2004-08-27,3,8,2004
1683,ON17,2004-09-30,3,9,2004
1684,ON18,2004-10-15,4,10,2004
1685,ON150,2004-11-03,4,11,2004
1686,ON273,2004-11-16,4,11,2004
1687,ON21,2004-11-24,4,11,2004
1688,ON274,2004-12-07,4,12,2004
1689,ON121,2005-01-06,1,1,2005
1690,ON23,2005-02-03,1,2,2005
1691,ON191,2005-03-04,1,3,2005
1692,ON25,2005-04-08,2,4,2005
1693,ON211,2003-03-18,1,3,2003
1694,ON238,2003-05-21,2,5,2003
1695,ON180,2003-09-11,3,9,2003
1696,ON181,2003-10-17,4,10,2003
1697,ON214,2003-11-05,4,11,2003
1698,ON200,2003-11-12,4,11,2003
1699,ON173,2003-11-20,4,11,2003
1700,ON183,2003-12-02,4,12,2003
1701,ON158,2004-01-16,1,1,2004
1702,ON203,2004-03-02,1,3,2004
1703,ON216,2004-04-13,2,4,2004
1704,ON284,2004-07-07,3,7,2004
1705,ON285,2004-08-09,3,8,2004
1706,ON217,2004-09-01,3,9,2004
1707,ON240,2003-10-06,4,10,2003
1708,ON218,2004-10-16,4,10,2004
1709,ON176,2004-11-04,4,11,2004
1710,ON207,2004-11-17,4,11,2004
1711,ON208,2004-11-29,4,11,2004
1712,ON290,2005-01-19,1,1,2005
1713,ON209,2005-02-16,1,2,2005
1714,ON222,2005-04-22,2,4,2005
1715,ON243,2005-05-29,2,5,2005
1716,ON151,2003-01-31,1,1,2003
1717,ON91,2003-04-01,2,4,2003
1718,ON125,2003-06-03,2,6,2003
1719,ON164,2003-08-01,3,8,2003
1720,ON165,2003-09-21,3,9,2003
1721,ON128,2003-10-22,4,10,2003
1722,ON93,2003-11-06,4,11,2003
1723,ON166,2003-11-14,4,11,2003
1724,ON167,2003-11-25,4,11,2003
1725,ON94,2003-12-09,4,12,2003
1726,ON168,2004-02-10,1,2,2004
1727,ON96,2004-03-11,1,3,2004
1728,ON169,2004-05-05,2,5,2004
1729,ON97,2004-06-15,2,6,2004
1730,ON170,2004-07-20,3,7,2004
1731,ON98,2004-08-19,3,8,2004
1732,ON171,2004-09-08,3,9,2004
1733,ON99,2004-10-13,4,10,2004
1734,ON140,2004-10-22,4,10,2004
1735,ON153,2004-11-05,4,11,2004
1736,ON291,2004-11-19,4,11,2004
1737,ON160,2004-12-01,4,12,2004
1738,ON154,2004-12-10,4,12,2004
1739,ON143,2005-01-23,1,1,2005
1740,ON246,2005-02-22,1,2,2005
1741,ON267,2005-03-15,1,3,2005
1742,ON172,2005-05-03,2,5,2005
1743,ON103,2005-05-31,2,5,2005
1744,ON223,2003-02-17,1,2,2003
1745,ON65,2003-04-28,2,4,2003
1746,ON224,2003-06-16,2,6,2003
1747,ON67,2003-08-10,3,8,2003
1748,ON68,2003-10-06,4,10,2003
1749,ON69,2003-10-23,4,10,2003
1750,ON70,2003-11-08,4,11,2003
1751,ON71,2003-11-14,4,11,2003
1752,ON225,2003-11-27,4,11,2003
1753,ON73,2004-01-09,1,1,2004
1754,ON74,2004-02-19,1,2,2004
1755,ON278,2004-05-08,2,5,2004
1756,ON227,2004-06-24,2,6,2004
1757,ON228,2004-07-21,3,7,2004
1758,ON229,2004-08-21,3,8,2004
1759,ON230,2004-09-15,3,9,2004
1760,ON80,2004-10-14,4,10,2004
1761,ON81,2004-11-01,4,11,2004
1762,ON279,2004-11-12,4,11,2004
1763,ON60,2004-11-23,4,11,2004
1764,ON233,2004-12-03,4,12,2004
1765,ON86,2005-01-31,1,1,2005
1766,ON234,2005-03-01,1,3,2005
1767,ON235,2005-03-30,1,3,2005
1768,ON89,2005-04-01,2,4,2005
1769,ON280,2005-05-09,2,5,2005
1770,ON211,2003-03-18,1,3,2003
1771,ON238,2003-05-21,2,5,2003
1772,ON180,2003-09-11,3,9,2003
1773,ON181,2003-10-17,4,10,2003
1774,ON199,2003-11-05,4,11,2003
1775,ON200,2003-11-12,4,11,2003
1776,ON173,2003-11-20,4,11,2003
1777,ON183,2003-12-02,4,12,2003
1778,ON282,2004-01-22,1,1,2004
1779,ON203,2004-03-02,1,3,2004
1780,ON216,2004-04-13,2,4,2004
1781,ON284,2004-07-07,3,7,2004
1782,ON285,2004-08-09,3,8,2004
1783,ON217,2004-09-01,3,9,2004
1784,ON240,2003-10-06,4,10,2003
1785,ON218,2004-10-16,4,10,2004
1786,ON207,2004-11-17,4,11,2004
1787,ON208,2004-11-29,4,11,2004
1788,ON290,2005-01-19,1,1,2005
1789,ON209,2005-02-16,1,2,2005
1790,ON222,2005-04-22,2,4,2005
1791,ON243,2005-05-29,2,5,2005
1792,ON178,2003-03-10,1,3,2003
1793,ON105,2003-05-08,2,5,2003
1794,ON106,2003-07-02,3,7,2003
1795,ON107,2003-09-05,3,9,2003
1796,ON156,2003-10-11,4,10,2003
1797,ON182,2003-11-05,4,11,2003
1798,ON109,2003-11-12,4,11,2003
1799,ON173,2003-11-20,4,11,2003
1800,ON111,2003-12-02,4,12,2003
1801,ON158,2004-01-16,1,1,2004
1802,ON112,2004-02-22,1,2,2004
1803,ON174,2004-04-12,2,4,2004
1804,ON114,2004-06-01,2,6,2004
1805,ON115,2004-07-06,3,7,2004
1806,ON185,2004-08-06,3,8,2004
1807,ON117,2004-08-30,3,8,2004
1808,ON186,2003-10-05,4,10,2003
1809,ON119,2004-10-16,4,10,2004
1810,ON176,2004-11-04,4,11,2004
1811,ON187,2004-11-17,4,11,2004
1812,ON188,2004-11-24,4,11,2004
1813,ON274,2004-12-07,4,12,2004
1814,ON220,2005-01-12,1,1,2005
1815,ON221,2005-02-10,1,2,2005
1816,ON191,2005-03-04,1,3,2005
1817,ON177,2005-04-14,2,4,2005
1818,ON123,2005-05-17,2,5,2005
1819,ON64,2003-02-11,1,2,2003
1820,ON65,2003-04-28,2,4,2003
1821,ON66,2003-06-12,2,6,2003
1822,ON126,2003-08-08,3,8,2003
1823,ON292,2003-10-02,4,10,2003
1824,ON69,2003-10-23,4,10,2003
1825,ON264,2003-11-07,4,11,2003
1826,ON130,2003-11-14,4,11,2003
1827,ON72,2003-11-26,4,11,2003
1828,ON132,2004-01-02,1,1,2004
1829,ON74,2004-02-19,1,2,2004
1830,ON293,2004-03-29,1,3,2004
1831,ON75,2004-05-07,2,5,2004
1832,ON76,2004-06-17,2,6,2004
1833,ON77,2004-07-21,3,7,2004
1834,ON78,2004-08-20,3,8,2004
1835,ON79,2004-09-10,3,9,2004
1836,ON139,2004-10-14,4,10,2004
1837,ON283,2004-10-29,4,10,2004
1838,ON268,2004-11-09,4,11,2004
1839,ON60,2004-11-23,4,11,2004
1840,ON84,2004-12-02,4,12,2004
1841,ON86,2005-01-31,1,1,2005
1842,ON87,2005-02-23,1,2,2005
1843,ON161,2005-03-23,1,3,2005
1844,ON90,2005-05-06,2,5,2005
1845,ON211,2003-03-18,1,3,2003
1846,ON238,2003-05-21,2,5,2003
1847,ON180,2003-09-11,3,9,2003
1848,ON181,2003-10-17,4,10,2003
1849,ON214,2003-11-05,4,11,2003
1850,ON200,2003-11-12,4,11,2003
1851,ON173,2003-11-20,4,11,2003
1852,ON183,2003-12-02,4,12,2003
1853,ON158,2004-01-16,1,1,2004
1854,ON203,2004-03-02,1,3,2004
1855,ON216,2004-04-13,2,4,2004
1856,ON284,2004-07-07,3,7,2004
1857,ON285,2004-08-09,3,8,2004
1858,ON217,2004-09-01,3,9,2004
1859,ON240,2003-10-06,4,10,2003
1860,ON218,2004-10-16,4,10,2004
1861,ON176,2004-11-04,4,11,2004
1862,ON207,2004-11-17,4,11,2004
1863,ON208,2004-11-29,4,11,2004
1864,ON290,2005-01-19,1,1,2005
1865,ON209,2005-02-16,1,2,2005
1866,ON222,2005-04-22,2,4,2005
1867,ON243,2005-05-29,2,5,2005
1868,ON104,2003-03-03,1,3,2003
1869,ON105,2003-05-08,2,5,2003
1870,ON106,2003-07-02,3,7,2003
1871,ON107,2003-09-05,3,9,2003
1872,ON5,2003-10-10,4,10,2003
1873,ON108,2003-11-04,4,11,2003
1874,ON109,2003-11-12,4,11,2003
1875,ON110,2003-11-20,4,11,2003
1876,ON111,2003-12-02,4,12,2003
1877,ON10,2004-01-15,1,1,2004
1878,ON112,2004-02-22,1,2,2004
1879,ON113,2004-04-09,2,4,2004
1880,ON114,2004-06-01,2,6,2004
1881,ON115,2004-07-06,3,7,2004
1882,ON116,2004-08-02,3,8,2004
1883,ON117,2004-08-30,3,8,2004
1884,ON118,2003-10-04,4,10,2003
1885,ON119,2004-10-16,4,10,2004
1886,ON120,2004-11-03,4,11,2004
1887,ON187,2004-11-17,4,11,2004
1888,ON188,2004-11-24,4,11,2004
1889,ON274,2004-12-07,4,12,2004
1890,ON121,2005-01-06,1,1,2005
1891,ON221,2005-02-10,1,2,2005
1892,ON191,2005-03-04,1,3,2005
1893,ON123,2005-05-17,2,5,2005
1894,ON223,2003-02-17,1,2,2003
1895,ON65,2003-04-28,2,4,2003
1896,ON224,2003-06-16,2,6,2003
1897,ON67,2003-08-10,3,8,2003
1898,ON68,2003-10-06,4,10,2003
1899,ON69,2003-10-23,4,10,2003
1900,ON70,2003-11-08,4,11,2003
1901,ON71,2003-11-14,4,11,2003
1902,ON225,2003-11-27,4,11,2003
1903,ON73,2004-01-09,1,1,2004
1904,ON74,2004-02-19,1,2,2004
1905,ON278,2004-05-08,2,5,2004
1906,ON227,2004-06-24,2,6,2004
1907,ON228,2004-07-21,3,7,2004
1908,ON229,2004-08-21,3,8,2004
1909,ON230,2004-09-15,3,9,2004
1910,ON80,2004-10-14,4,10,2004
1911,ON81,2004-11-01,4,11,2004
1912,ON279,2004-11-12,4,11,2004
1913,ON60,2004-11-23,4,11,2004
1914,ON233,2004-12-03,4,12,2004
1915,ON22,2004-12-17,4,12,2004
1916,ON86,2005-01-31,1,1,2005
1917,ON234,2005-03-01,1,3,2005
1918,ON235,2005-03-30,1,3,2005
1919,ON89,2005-04-01,2,4,2005
1920,ON280,2005-05-09,2,5,2005
1921,ON211,2003-03-18,1,3,2003
1922,ON238,2003-05-21,2,5,2003
1923,ON180,2003-09-11,3,9,2003
1924,ON181,2003-10-17,4,10,2003
1925,ON214,2003-11-05,4,11,2003
1926,ON200,2003-11-12,4,11,2003
1927,ON173,2003-11-20,4,11,2003
1928,ON183,2003-12-02,4,12,2003
1929,ON158,2004-01-16,1,1,2004
1930,ON215,2004-02-26,1,2,2004
1931,ON216,2004-04-13,2,4,2004
1932,ON284,2004-07-07,3,7,2004
1933,ON285,2004-08-09,3,8,2004
1934,ON217,2004-09-01,3,9,2004
1935,ON186,2003-10-05,4,10,2003
1936,ON218,2004-10-16,4,10,2004
1937,ON176,2004-11-04,4,11,2004
1938,ON207,2004-11-17,4,11,2004
1939,ON208,2004-11-29,4,11,2004
1940,ON290,2005-01-19,1,1,2005
1941,ON209,2005-02-16,1,2,2005
1942,ON222,2005-04-22,2,4,2005
1943,ON243,2005-05-29,2,5,2005
1944,ON64,2003-02-11,1,2,2003
1945,ON65,2003-04-28,2,4,2003
1946,ON66,2003-06-12,2,6,2003
1947,ON67,2003-08-10,3,8,2003
1948,ON68,2003-10-06,4,10,2003
1949,ON69,2003-10-23,4,10,2003
1950,ON70,2003-11-08,4,11,2003
1951,ON71,2003-11-14,4,11,2003
1952,ON72,2003-11-26,4,11,2003
1953,ON73,2004-01-09,1,1,2004
1954,ON74,2004-02-19,1,2,2004
1955,ON75,2004-05-07,2,5,2004
1956,ON227,2004-06-24,2,6,2004
1957,ON77,2004-07-21,3,7,2004
1958,ON78,2004-08-20,3,8,2004
1959,ON230,2004-09-15,3,9,2004
1960,ON80,2004-10-14,4,10,2004
1961,ON81,2004-11-01,4,11,2004
1962,ON268,2004-11-09,4,11,2004
1963,ON60,2004-11-23,4,11,2004
1964,ON84,2004-12-02,4,12,2004
1965,ON86,2005-01-31,1,1,2005
1966,ON294,2005-02-28,1,2,2005
1967,ON161,2005-03-23,1,3,2005
1968,ON89,2005-04-01,2,4,2005
1969,ON90,2005-05-06,2,5,2005
1970,ON104,2003-03-03,1,3,2003
1971,ON105,2003-05-08,2,5,2003
1972,ON106,2003-07-02,3,7,2003
1973,ON107,2003-09-05,3,9,2003
1974,ON156,2003-10-11,4,10,2003
1975,ON157,2003-11-04,4,11,2003
1976,ON109,2003-11-12,4,11,2003
1977,ON173,2003-11-20,4,11,2003
1978,ON111,2003-12-02,4,12,2003
1979,ON158,2004-01-16,1,1,2004
1980,ON112,2004-02-22,1,2,2004
1981,ON174,2004-04-12,2,4,2004
1982,ON114,2004-06-01,2,6,2004
1983,ON115,2004-07-06,3,7,2004
1984,ON185,2004-08-06,3,8,2004
1985,ON117,2004-08-30,3,8,2004
1986,ON186,2003-10-05,4,10,2003
1987,ON119,2004-10-16,4,10,2004
1988,ON176,2004-11-04,4,11,2004
1989,ON187,2004-11-17,4,11,2004
1990,ON188,2004-11-24,4,11,2004
1991,ON274,2004-12-07,4,12,2004
1992,ON121,2005-01-06,1,1,2005
1993,ON221,2005-02-10,1,2,2005
1994,ON191,2005-03-04,1,3,2005
1995,ON177,2005-04-14,2,4,2005
1996,ON123,2005-05-17,2,5,2005
1997,ON223,2003-02-17,1,2,2003
1998,ON65,2003-04-28,2,4,2003
1999,ON224,2003-06-16,2,6,2003
2000,ON67,2003-08-10,3,8,2003
2001,ON68,2003-10-06,4,10,2003
2002,ON6,2003-10-28,4,10,2003
2003,ON70,2003-11-08,4,11,2003
2004,ON225,2003-11-27,4,11,2003
2005,ON56,2004-01-12,1,1,2004
2006,ON74,2004-02-19,1,2,2004
2007,ON251,2004-04-02,2,4,2004
2008,ON226,2004-05-11,2,5,2004
2009,ON227,2004-06-24,2,6,2004
2010,ON15,2004-07-23,3,7,2004
2011,ON229,2004-08-21,3,8,2004
2012,ON230,2004-09-15,3,9,2004
2013,ON59,2004-10-15,4,10,2004
2014,ON81,2004-11-01,4,11,2004
2015,ON279,2004-11-12,4,11,2004
2016,ON60,2004-11-23,4,11,2004
2017,ON233,2004-12-03,4,12,2004
2018,ON22,2004-12-17,4,12,2004
2019,ON86,2005-01-31,1,1,2005
2020,ON234,2005-03-01,1,3,2005
2021,ON235,2005-03-30,1,3,2005
2022,ON254,2005-04-03,2,4,2005
2023,ON236,2005-05-10,2,5,2005
2024,ON237,2003-01-06,1,1,2003
2025,ON211,2003-03-18,1,3,2003
2026,ON238,2003-05-21,2,5,2003
2027,ON197,2003-09-12,3,9,2003
2028,ON198,2003-10-18,4,10,2003
2029,ON199,2003-11-05,4,11,2003
2030,ON200,2003-11-12,4,11,2003
2031,ON201,2003-11-21,4,11,2003
2032,ON183,2003-12-02,4,12,2003
2033,ON239,2004-01-26,1,1,2004
2034,ON203,2004-03-02,1,3,2004
2035,ON295,2004-04-20,2,4,2004
2036,ON42,2004-08-17,3,8,2004
2037,ON217,2004-09-01,3,9,2004
2038,ON245,2004-10-06,4,10,2004
2039,ON45,2004-10-21,4,10,2004
2040,ON207,2004-11-17,4,11,2004
2041,ON208,2004-11-29,4,11,2004
2042,ON290,2005-01-19,1,1,2005
2043,ON209,2005-02-16,1,2,2005
2044,ON296,2005-04-22,2,4,2005
2045,ON243,2005-05-29,2,5,2005
2046,ON151,2003-01-31,1,1,2003
2047,ON163,2003-04-04,2,4,2003
2048,ON125,2003-06-03,2,6,2003
2049,ON164,2003-08-01,3,8,2003
2050,ON281,2003-09-25,3,9,2003
2051,ON128,2003-10-22,4,10,2003
2052,ON129,2003-11-06,4,11,2003
2053,ON166,2003-11-14,4,11,2003
2054,ON167,2003-11-25,4,11,2003
2055,ON94,2003-12-09,4,12,2003
2056,ON133,2004-02-12,1,2,2004
2057,ON152,2004-03-15,1,3,2004
2058,ON169,2004-05-05,2,5,2004
2059,ON170,2004-07-20,3,7,2004
2060,ON137,2004-08-20,3,8,2004
2061,ON171,2004-09-08,3,9,2004
2062,ON99,2004-10-13,4,10,2004
2063,ON140,2004-10-22,4,10,2004
2064,ON82,2004-11-05,4,11,2004
2065,ON141,2004-11-20,4,11,2004
2066,ON160,2004-12-01,4,12,2004
2067,ON85,2004-12-15,4,12,2004
2068,ON143,2005-01-23,1,1,2005
2069,ON246,2005-02-22,1,2,2005
2070,ON267,2005-03-15,1,3,2005
2071,ON172,2005-05-03,2,5,2005
2072,ON27,2003-01-29,1,1,2003
2073,ON194,2003-03-25,1,3,2003
2074,ON29,2003-05-28,2,5,2003
2075,ON196,2003-07-16,3,7,2003
2076,ON197,2003-09-12,3,9,2003
2077,ON32,2003-10-20,4,10,2003
2078,ON199,2003-11-05,4,11,2003
2079,ON34,2003-11-13,4,11,2003
2080,ON201,2003-11-21,4,11,2003
2081,ON36,2003-12-05,4,12,2003
2082,ON37,2004-01-29,1,1,2004
2083,ON38,2004-03-10,1,3,2004
2084,ON204,2004-04-29,2,4,2004
2085,ON257,2004-06-14,2,6,2004
2086,ON259,2004-07-16,3,7,2004
2087,ON42,2004-08-17,3,8,2004
2088,ON271,2004-09-07,3,9,2004
2089,ON44,2004-10-11,4,10,2004
2090,ON45,2004-10-21,4,10,2004
2091,ON153,2004-11-05,4,11,2004
2092,ON47,2004-11-18,4,11,2004
2093,ON142,2004-11-01,4,11,2004
2094,ON154,2004-12-10,4,12,2004
2095,ON50,2005-01-20,1,1,2005
2096,ON144,2005-02-17,1,2,2005
2097,ON258,2005-05-30,2,5,2005
2098,ON223,2003-02-17,1,2,2003
2099,ON55,2003-04-29,2,4,2003
2100,ON250,2003-06-27,2,6,2003
2101,ON4,2003-08-25,3,8,2003
2102,ON6,2003-10-28,4,10,2003
2103,ON56,2004-01-12,1,1,2004
2104,ON11,2004-02-20,1,2,2004
2105,ON251,2004-04-02,2,4,2004
2106,ON226,2004-05-11,2,5,2004
2107,ON14,2004-06-28,2,6,2004
2108,ON15,2004-07-23,3,7,2004
2109,ON229,2004-08-21,3,8,2004
2110,ON252,2004-09-16,3,9,2004
2111,ON59,2004-10-15,4,10,2004
2112,ON297,2004-11-02,4,11,2004
2113,ON279,2004-11-12,4,11,2004
2114,ON287,2004-11-24,4,11,2004
2115,ON253,2004-12-04,4,12,2004
2116,ON22,2004-12-17,4,12,2004
2117,ON23,2005-02-03,1,2,2005
2118,ON234,2005-03-01,1,3,2005
2119,ON235,2005-03-30,1,3,2005
2120,ON254,2005-04-03,2,4,2005
2121,ON236,2005-05-10,2,5,2005
2122,ON104,2003-03-03,1,3,2003
2123,ON105,2003-05-08,2,5,2003
2124,ON106,2003-07-02,3,7,2003
2125,ON107,2003-09-05,3,9,2003
2126,ON5,2003-10-10,4,10,2003
2127,ON108,2003-11-04,4,11,2003
2128,ON7,2003-11-11,4,11,2003
2129,ON110,2003-11-20,4,11,2003
2130,ON10,2004-01-15,1,1,2004
2131,ON112,2004-02-22,1,2,2004
2132,ON113,2004-04-09,2,4,2004
2133,ON269,2004-05-26,2,5,2004
2134,ON276,2004-06-30,2,6,2004
2135,ON116,2004-08-02,3,8,2004
2136,ON117,2004-08-30,3,8,2004
2137,ON17,2004-09-30,3,9,2004
2138,ON119,2004-10-16,4,10,2004
2139,ON150,2004-11-03,4,11,2004
2140,ON187,2004-11-17,4,11,2004
2141,ON219,2004-11-24,4,11,2004
2142,ON274,2004-12-07,4,12,2004
2143,ON121,2005-01-06,1,1,2005
2144,ON221,2005-02-10,1,2,2005
2145,ON191,2005-03-04,1,3,2005
2146,ON27,2003-01-29,1,1,2003
2147,ON91,2003-04-01,2,4,2003
2148,ON29,2003-05-28,2,5,2003
2149,ON30,2003-07-24,3,7,2003
2150,ON165,2003-09-21,3,9,2003
2151,ON92,2003-10-21,4,10,2003
2152,ON93,2003-11-06,4,11,2003
2153,ON166,2003-11-14,4,11,2003
2154,ON35,2003-11-25,4,11,2003
2155,ON94,2003-12-09,4,12,2003
2156,ON95,2004-02-04,1,2,2004
2157,ON96,2004-03-11,1,3,2004
2158,ON39,2004-05-04,2,5,2004
2159,ON97,2004-06-15,2,6,2004
2160,ON41,2004-07-19,3,7,2004
2161,ON98,2004-08-19,3,8,2004
2162,ON43,2004-09-08,3,9,2004
2163,ON99,2004-10-13,4,10,2004
2164,ON100,2004-10-22,4,10,2004
2165,ON153,2004-11-05,4,11,2004
2166,ON291,2004-11-19,4,11,2004
2167,ON142,2004-11-01,4,11,2004
2168,ON154,2004-12-10,4,12,2004
2169,ON143,2005-01-23,1,1,2005
2170,ON144,2005-02-17,1,2,2005
2171,ON53,2005-05-01,2,5,2005
2172,ON103,2005-05-31,2,5,2005
2173,ON1,2003-02-24,1,2,2003
2174,ON55,2003-04-29,2,4,2003
2175,ON250,2003-06-27,2,6,2003
2176,ON4,2003-08-25,3,8,2003
2177,ON6,2003-10-28,4,10,2003
2178,ON8,2003-11-18,4,11,2003
2179,ON56,2004-01-12,1,1,2004
2180,ON11,2004-02-20,1,2,2004
2181,ON251,2004-04-02,2,4,2004
2182,ON226,2004-05-11,2,5,2004
2183,ON14,2004-06-28,2,6,2004
2184,ON15,2004-07-23,3,7,2004
2185,ON16,2004-08-27,3,8,2004
2186,ON252,2004-09-16,3,9,2004
2187,ON59,2004-10-15,4,10,2004
2188,ON19,2004-11-02,4,11,2004
2189,ON20,2004-11-15,4,11,2004
2190,ON287,2004-11-24,4,11,2004
2191,ON253,2004-12-04,4,12,2004
2192,ON121,2005-01-06,1,1,2005
2193,ON23,2005-02-03,1,2,2005
2194,ON298,2005-03-02,1,3,2005
2195,ON254,2005-04-03,2,4,2005
2196,ON236,2005-05-10,2,5,2005
2197,ON104,2003-03-03,1,3,2003
2198,ON105,2003-05-08,2,5,2003
2199,ON106,2003-07-02,3,7,2003
2200,ON4,2003-08-25,3,8,2003
2201,ON5,2003-10-10,4,10,2003
2202,ON108,2003-11-04,4,11,2003
2203,ON7,2003-11-11,4,11,2003
2204,ON289,2003-11-19,4,11,2003
2205,ON10,2004-01-15,1,1,2004
2206,ON149,2004-02-21,1,2,2004
2207,ON12,2004-04-05,2,4,2004
2208,ON269,2004-05-26,2,5,2004
2209,ON276,2004-06-30,2,6,2004
2210,ON116,2004-08-02,3,8,2004
2211,ON16,2004-08-27,3,8,2004
2212,ON17,2004-09-30,3,9,2004
2213,ON119,2004-10-16,4,10,2004
2214,ON150,2004-11-03,4,11,2004
2215,ON187,2004-11-17,4,11,2004
2216,ON219,2004-11-24,4,11,2004
2217,ON274,2004-12-07,4,12,2004
2218,ON299,2005-01-06,1,1,2005
2219,ON221,2005-02-10,1,2,2005
2220,ON191,2005-03-04,1,3,2005
2221,ON25,2005-04-08,2,4,2005
2222,ON151,2003-01-31,1,1,2003
2223,ON91,2003-04-01,2,4,2003
2224,ON125,2003-06-03,2,6,2003
2225,ON164,2003-08-01,3,8,2003
2226,ON165,2003-09-21,3,9,2003
2227,ON128,2003-10-22,4,10,2003
2228,ON93,2003-11-06,4,11,2003
2229,ON166,2003-11-14,4,11,2003
2230,ON167,2003-11-25,4,11,2003
2231,ON94,2003-12-09,4,12,2003
2232,ON168,2004-02-10,1,2,2004
2233,ON96,2004-03-11,1,3,2004
2234,ON169,2004-05-05,2,5,2004
2235,ON97,2004-06-15,2,6,2004
2236,ON170,2004-07-20,3,7,2004
2237,ON98,2004-08-19,3,8,2004
2238,ON171,2004-09-08,3,9,2004
2239,ON99,2004-10-13,4,10,2004
2240,ON100,2004-10-22,4,10,2004
2241,ON82,2004-11-05,4,11,2004
2242,ON291,2004-11-19,4,11,2004
2243,ON160,2004-12-01,4,12,2004
2244,ON85,2004-12-15,4,12,2004
2245,ON143,2005-01-23,1,1,2005
2246,ON246,2005-02-22,1,2,2005
2247,ON267,2005-03-15,1,3,2005
2248,ON172,2005-05-03,2,5,2005
2249,ON103,2005-05-31,2,5,2005
2250,ON151,2003-01-31,1,1,2003
2251,ON300,2003-04-11,2,4,2003
2252,ON125,2003-06-03,2,6,2003
2253,ON126,2003-08-08,3,8,2003
2254,ON281,2003-09-25,3,9,2003
2255,ON128,2003-10-22,4,10,2003
2256,ON129,2003-11-06,4,11,2003
2257,ON166,2003-11-14,4,11,2003
2258,ON167,2003-11-25,4,11,2003
2259,ON94,2003-12-09,4,12,2003
2260,ON133,2004-02-12,1,2,2004
2261,ON152,2004-03-15,1,3,2004
2262,ON135,2004-05-05,2,5,2004
2263,ON136,2004-07-20,3,7,2004
2264,ON137,2004-08-20,3,8,2004
2265,ON171,2004-09-08,3,9,2004
2266,ON139,2004-10-14,4,10,2004
2267,ON140,2004-10-22,4,10,2004
2268,ON82,2004-11-05,4,11,2004
2269,ON141,2004-11-20,4,11,2004
2270,ON84,2004-12-02,4,12,2004
2271,ON85,2004-12-15,4,12,2004
2272,ON143,2005-01-23,1,1,2005
2273,ON246,2005-02-22,1,2,2005
2274,ON267,2005-03-15,1,3,2005
2275,ON145,2005-05-05,2,5,2005
2276,ON27,2003-01-29,1,1,2003
2277,ON146,2003-03-26,1,3,2003
2278,ON29,2003-05-28,2,5,2003
2279,ON30,2003-07-24,3,7,2003
2280,ON31,2003-09-19,3,9,2003
2281,ON92,2003-10-21,4,10,2003
2282,ON93,2003-11-06,4,11,2003
2283,ON34,2003-11-13,4,11,2003
2284,ON35,2003-11-25,4,11,2003
2285,ON36,2003-12-05,4,12,2003
2286,ON95,2004-02-04,1,2,2004
2287,ON96,2004-03-11,1,3,2004
2288,ON39,2004-05-04,2,5,2004
2289,ON40,2004-06-15,2,6,2004
2290,ON41,2004-07-19,3,7,2004
2291,ON98,2004-08-19,3,8,2004
2292,ON43,2004-09-08,3,9,2004
2293,ON44,2004-10-11,4,10,2004
2294,ON100,2004-10-22,4,10,2004
2295,ON153,2004-11-05,4,11,2004
2296,ON47,2004-11-18,4,11,2004
2297,ON142,2004-11-01,4,11,2004
2298,ON154,2004-12-10,4,12,2004
2299,ON102,2005-01-20,1,1,2005
2300,ON144,2005-02-17,1,2,2005
2301,ON53,2005-05-01,2,5,2005
2302,ON54,2005-05-31,2,5,2005
2303,ON223,2003-02-17,1,2,2003
2304,ON55,2003-04-29,2,4,2003
2305,ON250,2003-06-27,2,6,2003
2306,ON301,2003-08-13,3,8,2003
2307,ON6,2003-10-28,4,10,2003
2308,ON56,2004-01-12,1,1,2004
2309,ON11,2004-02-20,1,2,2004
2310,ON251,2004-04-02,2,4,2004
2311,ON226,2004-05-11,2,5,2004
2312,ON227,2004-06-24,2,6,2004
2313,ON15,2004-07-23,3,7,2004
2314,ON229,2004-08-21,3,8,2004
2315,ON252,2004-09-16,3,9,2004
2316,ON59,2004-10-15,4,10,2004
2317,ON81,2004-11-01,4,11,2004
2318,ON279,2004-11-12,4,11,2004
2319,ON287,2004-11-24,4,11,2004
2320,ON253,2004-12-04,4,12,2004
2321,ON22,2004-12-17,4,12,2004
2322,ON23,2005-02-03,1,2,2005
2323,ON24,2005-03-03,1,3,2005
2324,ON235,2005-03-30,1,3,2005
2325,ON254,2005-04-03,2,4,2005
2326,ON236,2005-05-10,2,5,2005
2327,ON104,2003-03-03,1,3,2003
2328,ON2,2003-05-07,2,5,2003
2329,ON106,2003-07-02,3,7,2003
2330,ON4,2003-08-25,3,8,2003
2331,ON5,2003-10-10,4,10,2003
2332,ON108,2003-11-04,4,11,2003
2333,ON7,2003-11-11,4,11,2003
2334,ON289,2003-11-19,4,11,2003
2335,ON10,2004-01-15,1,1,2004
2336,ON149,2004-02-21,1,2,2004
2337,ON12,2004-04-05,2,4,2004
2338,ON269,2004-05-26,2,5,2004
2339,ON276,2004-06-30,2,6,2004
2340,ON116,2004-08-02,3,8,2004
2341,ON16,2004-08-27,3,8,2004
2342,ON17,2004-09-30,3,9,2004
2343,ON18,2004-10-15,4,10,2004
2344,ON150,2004-11-03,4,11,2004
2345,ON187,2004-11-17,4,11,2004
2346,ON21,2004-11-24,4,11,2004
2347,ON274,2004-12-07,4,12,2004
2348,ON190,2005-01-07,1,1,2005
2349,ON23,2005-02-03,1,2,2005
2350,ON191,2005-03-04,1,3,2005
2351,ON25,2005-04-08,2,4,2005
2352,ON223,2003-02-17,1,2,2003
2353,ON55,2003-04-29,2,4,2003
2354,ON250,2003-06-27,2,6,2003
2355,ON67,2003-08-10,3,8,2003
2356,ON302,2003-10-08,4,10,2003
2357,ON6,2003-10-28,4,10,2003
2358,ON303,2003-12-01,4,12,2003
2359,ON56,2004-01-12,1,1,2004
2360,ON11,2004-02-20,1,2,2004
2361,ON251,2004-04-02,2,4,2004
2362,ON226,2004-05-11,2,5,2004
2363,ON227,2004-06-24,2,6,2004
2364,ON15,2004-07-23,3,7,2004
2365,ON229,2004-08-21,3,8,2004
2366,ON230,2004-09-15,3,9,2004
2367,ON59,2004-10-15,4,10,2004
2368,ON81,2004-11-01,4,11,2004
2369,ON279,2004-11-12,4,11,2004
2370,ON287,2004-11-24,4,11,2004
2371,ON253,2004-12-04,4,12,2004
2372,ON22,2004-12-17,4,12,2004
2373,ON23,2005-02-03,1,2,2005
2374,ON24,2005-03-03,1,3,2005
2375,ON235,2005-03-30,1,3,2005
2376,ON254,2005-04-03,2,4,2005
2377,ON236,2005-05-10,2,5,2005
2378,ON151,2003-01-31,1,1,2003
2379,ON163,2003-04-04,2,4,2003
2380,ON125,2003-06-03,2,6,2003
2381,ON164,2003-08-01,3,8,2003
2382,ON165,2003-09-21,3,9,2003
2383,ON128,2003-10-22,4,10,2003
2384,ON129,2003-11-06,4,11,2003
2385,ON166,2003-11-14,4,11,2003
2386,ON167,2003-11-25,4,11,2003
2387,ON94,2003-12-09,4,12,2003
2388,ON133,2004-02-12,1,2,2004
2389,ON152,2004-03-15,1,3,2004
2390,ON169,2004-05-05,2,5,2004
2391,ON97,2004-06-15,2,6,2004
2392,ON170,2004-07-20,3,7,2004
2393,ON137,2004-08-20,3,8,2004
2394,ON171,2004-09-08,3,9,2004
2395,ON99,2004-10-13,4,10,2004
2396,ON140,2004-10-22,4,10,2004
2397,ON82,2004-11-05,4,11,2004
2398,ON141,2004-11-20,4,11,2004
2399,ON84,2004-12-02,4,12,2004
2400,ON85,2004-12-15,4,12,2004
2401,ON143,2005-01-23,1,1,2005
2402,ON246,2005-02-22,1,2,2005
2403,ON88,2005-03-17,1,3,2005
2404,ON172,2005-05-03,2,5,2005
2405,ON103,2005-05-31,2,5,2005
2406,ON151,2003-01-31,1,1,2003
2407,ON124,2003-04-16,2,4,2003
2408,ON125,2003-06-03,2,6,2003
2409,ON126,2003-08-08,3,8,2003
2410,ON127,2003-09-28,3,9,2003
2411,ON128,2003-10-22,4,10,2003
2412,ON129,2003-11-06,4,11,2003
2413,ON130,2003-11-14,4,11,2003
2414,ON131,2003-11-26,4,11,2003
2415,ON132,2004-01-02,1,1,2004
2416,ON133,2004-02-12,1,2,2004
2417,ON152,2004-03-15,1,3,2004
2418,ON135,2004-05-05,2,5,2004
2419,ON136,2004-07-20,3,7,2004
2420,ON137,2004-08-20,3,8,2004
2421,ON171,2004-09-08,3,9,2004
2422,ON139,2004-10-14,4,10,2004
2423,ON140,2004-10-22,4,10,2004
2424,ON82,2004-11-05,4,11,2004
2425,ON83,2004-11-21,4,11,2004
2426,ON84,2004-12-02,4,12,2004
2427,ON85,2004-12-15,4,12,2004
2428,ON155,2005-01-26,1,1,2005
2429,ON246,2005-02-22,1,2,2005
2430,ON88,2005-03-17,1,3,2005
2431,ON145,2005-05-05,2,5,2005
2432,ON104,2003-03-03,1,3,2003
2433,ON2,2003-05-07,2,5,2003
2434,ON106,2003-07-02,3,7,2003
2435,ON4,2003-08-25,3,8,2003
2436,ON5,2003-10-10,4,10,2003
2437,ON108,2003-11-04,4,11,2003
2438,ON7,2003-11-11,4,11,2003
2439,ON289,2003-11-19,4,11,2003
2440,ON10,2004-01-15,1,1,2004
2441,ON149,2004-02-21,1,2,2004
2442,ON12,2004-04-05,2,4,2004
2443,ON269,2004-05-26,2,5,2004
2444,ON276,2004-06-30,2,6,2004
2445,ON116,2004-08-02,3,8,2004
2446,ON16,2004-08-27,3,8,2004
2447,ON17,2004-09-30,3,9,2004
2448,ON18,2004-10-15,4,10,2004
2449,ON150,2004-11-03,4,11,2004
2450,ON187,2004-11-17,4,11,2004
2451,ON21,2004-11-24,4,11,2004
2452,ON189,2004-12-09,4,12,2004
2453,ON190,2005-01-07,1,1,2005
2454,ON23,2005-02-03,1,2,2005
2455,ON191,2005-03-04,1,3,2005
2456,ON25,2005-04-08,2,4,2005
2457,ON64,2003-02-11,1,2,2003
2458,ON65,2003-04-28,2,4,2003
2459,ON66,2003-06-12,2,6,2003
2460,ON126,2003-08-08,3,8,2003
2461,ON127,2003-09-28,3,9,2003
2462,ON69,2003-10-23,4,10,2003
2463,ON264,2003-11-07,4,11,2003
2464,ON130,2003-11-14,4,11,2003
2465,ON72,2003-11-26,4,11,2003
2466,ON132,2004-01-02,1,1,2004
2467,ON74,2004-02-19,1,2,2004
2468,ON293,2004-03-29,1,3,2004
2469,ON75,2004-05-07,2,5,2004
2470,ON76,2004-06-17,2,6,2004
2471,ON77,2004-07-21,3,7,2004
2472,ON78,2004-08-20,3,8,2004
2473,ON79,2004-09-10,3,9,2004
2474,ON139,2004-10-14,4,10,2004
2475,ON283,2004-10-29,4,10,2004
2476,ON268,2004-11-09,4,11,2004
2477,ON60,2004-11-23,4,11,2004
2478,ON84,2004-12-02,4,12,2004
2479,ON86,2005-01-31,1,1,2005
2480,ON294,2005-02-28,1,2,2005
2481,ON161,2005-03-23,1,3,2005
2482,ON90,2005-05-06,2,5,2005
2483,ON223,2003-02-17,1,2,2003
2484,ON55,2003-04-29,2,4,2003
2485,ON250,2003-06-27,2,6,2003
2486,ON67,2003-08-10,3,8,2003
2487,ON302,2003-10-08,4,10,2003
2488,ON6,2003-10-28,4,10,2003
2489,ON303,2003-12-01,4,12,2003
2490,ON56,2004-01-12,1,1,2004
2491,ON11,2004-02-20,1,2,2004
2492,ON251,2004-04-02,2,4,2004
2493,ON226,2004-05-11,2,5,2004
2494,ON227,2004-06-24,2,6,2004
2495,ON15,2004-07-23,3,7,2004
2496,ON229,2004-08-21,3,8,2004
2497,ON230,2004-09-15,3,9,2004
2498,ON59,2004-10-15,4,10,2004
2499,ON81,2004-11-01,4,11,2004
2500,ON279,2004-11-12,4,11,2004
2501,ON287,2004-11-24,4,11,2004
2502,ON253,2004-12-04,4,12,2004
2503,ON22,2004-12-17,4,12,2004
2504,ON23,2005-02-03,1,2,2005
2505,ON24,2005-03-03,1,3,2005
2506,ON235,2005-03-30,1,3,2005
2507,ON254,2005-04-03,2,4,2005
2508,ON236,2005-05-10,2,5,2005
2509,ON64,2003-02-11,1,2,2003
2510,ON124,2003-04-16,2,4,2003
2511,ON262,2003-06-06,2,6,2003
2512,ON126,2003-08-08,3,8,2003
2513,ON127,2003-09-28,3,9,2003
2514,ON263,2003-10-21,4,10,2003
2515,ON264,2003-11-07,4,11,2003
2516,ON130,2003-11-14,4,11,2003
2517,ON131,2003-11-26,4,11,2003
2518,ON132,2004-01-02,1,1,2004
2519,ON265,2004-02-18,1,2,2004
2520,ON266,2004-03-20,1,3,2004
2521,ON75,2004-05-07,2,5,2004
2522,ON77,2004-07-21,3,7,2004
2523,ON137,2004-08-20,3,8,2004
2524,ON138,2004-09-09,3,9,2004
2525,ON139,2004-10-14,4,10,2004
2526,ON140,2004-10-22,4,10,2004
2527,ON231,2004-11-10,4,11,2004
2528,ON83,2004-11-21,4,11,2004
2529,ON84,2004-12-02,4,12,2004
2530,ON155,2005-01-26,1,1,2005
2531,ON87,2005-02-23,1,2,2005
2532,ON304,2005-03-28,1,3,2005
2533,ON90,2005-05-06,2,5,2005
2534,ON223,2003-02-17,1,2,2003
2535,ON65,2003-04-28,2,4,2003
2536,ON224,2003-06-16,2,6,2003
2537,ON67,2003-08-10,3,8,2003
2538,ON68,2003-10-06,4,10,2003
2539,ON69,2003-10-23,4,10,2003
2540,ON70,2003-11-08,4,11,2003
2541,ON71,2003-11-14,4,11,2003
2542,ON72,2003-11-26,4,11,2003
2543,ON73,2004-01-09,1,1,2004
2544,ON74,2004-02-19,1,2,2004
2545,ON278,2004-05-08,2,5,2004
2546,ON227,2004-06-24,2,6,2004
2547,ON228,2004-07-21,3,7,2004
2548,ON78,2004-08-20,3,8,2004
2549,ON230,2004-09-15,3,9,2004
2550,ON80,2004-10-14,4,10,2004
2551,ON81,2004-11-01,4,11,2004
2552,ON279,2004-11-12,4,11,2004
2553,ON60,2004-11-23,4,11,2004
2554,ON305,2004-12-03,4,12,2004
2555,ON22,2004-12-17,4,12,2004
2556,ON86,2005-01-31,1,1,2005
2557,ON234,2005-03-01,1,3,2005
2558,ON235,2005-03-30,1,3,2005
2559,ON89,2005-04-01,2,4,2005
2560,ON280,2005-05-09,2,5,2005
2561,ON223,2003-02-17,1,2,2003
2562,ON55,2003-04-29,2,4,2003
2563,ON224,2003-06-16,2,6,2003
2564,ON67,2003-08-10,3,8,2003
2565,ON68,2003-10-06,4,10,2003
2566,ON6,2003-10-28,4,10,2003
2567,ON70,2003-11-08,4,11,2003
2568,ON225,2003-11-27,4,11,2003
2569,ON56,2004-01-12,1,1,2004
2570,ON74,2004-02-19,1,2,2004
2571,ON251,2004-04-02,2,4,2004
2572,ON226,2004-05-11,2,5,2004
2573,ON227,2004-06-24,2,6,2004
2574,ON15,2004-07-23,3,7,2004
2575,ON229,2004-08-21,3,8,2004
2576,ON230,2004-09-15,3,9,2004
2577,ON59,2004-10-15,4,10,2004
2578,ON81,2004-11-01,4,11,2004
2579,ON279,2004-11-12,4,11,2004
2580,ON287,2004-11-24,4,11,2004
2581,ON305,2004-12-03,4,12,2004
2582,ON22,2004-12-17,4,12,2004
2583,ON23,2005-02-03,1,2,2005
2584,ON234,2005-03-01,1,3,2005
2585,ON235,2005-03-30,1,3,2005
2586,ON254,2005-04-03,2,4,2005
2587,ON236,2005-05-10,2,5,2005
2588,ON64,2003-02-11,1,2,2003
2589,ON65,2003-04-28,2,4,2003
2590,ON66,2003-06-12,2,6,2003
2591,ON67,2003-08-10,3,8,2003
2592,ON292,2003-10-02,4,10,2003
2593,ON69,2003-10-23,4,10,2003
2594,ON264,2003-11-07,4,11,2003
2595,ON130,2003-11-14,4,11,2003
2596,ON72,2003-11-26,4,11,2003
2597,ON132,2004-01-02,1,1,2004
2598,ON74,2004-02-19,1,2,2004
2599,ON293,2004-03-29,1,3,2004
2600,ON75,2004-05-07,2,5,2004
2601,ON76,2004-06-17,2,6,2004
2602,ON77,2004-07-21,3,7,2004
2603,ON78,2004-08-20,3,8,2004
2604,ON79,2004-09-10,3,9,2004
2605,ON139,2004-10-14,4,10,2004
2606,ON81,2004-11-01,4,11,2004
2607,ON231,2004-11-10,4,11,2004
2608,ON60,2004-11-23,4,11,2004
2609,ON84,2004-12-02,4,12,2004
2610,ON86,2005-01-31,1,1,2005
2611,ON234,2005-03-01,1,3,2005
2612,ON304,2005-03-28,1,3,2005
2613,ON90,2005-05-06,2,5,2005
2614,ON27,2003-01-29,1,1,2003
2615,ON91,2003-04-01,2,4,2003
2616,ON29,2003-05-28,2,5,2003
2617,ON30,2003-07-24,3,7,2003
2618,ON31,2003-09-19,3,9,2003
2619,ON92,2003-10-21,4,10,2003
2620,ON93,2003-11-06,4,11,2003
2621,ON34,2003-11-13,4,11,2003
2622,ON35,2003-11-25,4,11,2003
2623,ON36,2003-12-05,4,12,2003
2624,ON95,2004-02-04,1,2,2004
2625,ON96,2004-03-11,1,3,2004
2626,ON39,2004-05-04,2,5,2004
2627,ON40,2004-06-15,2,6,2004
2628,ON41,2004-07-19,3,7,2004
2629,ON98,2004-08-19,3,8,2004
2630,ON43,2004-09-08,3,9,2004
2631,ON44,2004-10-11,4,10,2004
2632,ON100,2004-10-22,4,10,2004
2633,ON153,2004-11-05,4,11,2004
2634,ON141,2004-11-20,4,11,2004
2635,ON142,2004-11-01,4,11,2004
2636,ON154,2004-12-10,4,12,2004
2637,ON143,2005-01-23,1,1,2005
2638,ON144,2005-02-17,1,2,2005
2639,ON53,2005-05-01,2,5,2005
2640,ON54,2005-05-31,2,5,2005
2641,ON223,2003-02-17,1,2,2003
2642,ON55,2003-04-29,2,4,2003
2643,ON250,2003-06-27,2,6,2003
2644,ON4,2003-08-25,3,8,2003
2645,ON6,2003-10-28,4,10,2003
2646,ON8,2003-11-18,4,11,2003
2647,ON56,2004-01-12,1,1,2004
2648,ON11,2004-02-20,1,2,2004
2649,ON251,2004-04-02,2,4,2004
2650,ON226,2004-05-11,2,5,2004
2651,ON14,2004-06-28,2,6,2004
2652,ON15,2004-07-23,3,7,2004
2653,ON16,2004-08-27,3,8,2004
2654,ON252,2004-09-16,3,9,2004
2655,ON59,2004-10-15,4,10,2004
2656,ON19,2004-11-02,4,11,2004
2657,ON279,2004-11-12,4,11,2004
2658,ON287,2004-11-24,4,11,2004
2659,ON253,2004-12-04,4,12,2004
2660,ON22,2004-12-17,4,12,2004
2661,ON23,2005-02-03,1,2,2005
2662,ON24,2005-03-03,1,3,2005
2663,ON235,2005-03-30,1,3,2005
2664,ON254,2005-04-03,2,4,2005
2665,ON236,2005-05-10,2,5,2005
2666,ON223,2003-02-17,1,2,2003
2667,ON55,2003-04-29,2,4,2003
2668,ON67,2003-08-10,3,8,2003
2669,ON68,2003-10-06,4,10,2003
2670,ON6,2003-10-28,4,10,2003
2671,ON303,2003-12-01,4,12,2003
2672,ON56,2004-01-12,1,1,2004
2673,ON11,2004-02-20,1,2,2004
2674,ON251,2004-04-02,2,4,2004
2675,ON226,2004-05-11,2,5,2004
2676,ON227,2004-06-24,2,6,2004
2677,ON15,2004-07-23,3,7,2004
2678,ON229,2004-08-21,3,8,2004
2679,ON230,2004-09-15,3,9,2004
2680,ON59,2004-10-15,4,10,2004
2681,ON81,2004-11-01,4,11,2004
2682,ON279,2004-11-12,4,11,2004
2683,ON21,2004-11-24,4,11,2004
2684,ON253,2004-12-04,4,12,2004
2685,ON22,2004-12-17,4,12,2004
2686,ON23,2005-02-03,1,2,2005
2687,ON234,2005-03-01,1,3,2005
2688,ON235,2005-03-30,1,3,2005
2689,ON254,2005-04-03,2,4,2005
2690,ON236,2005-05-10,2,5,2005
2691,ON64,2003-02-11,1,2,2003
2692,ON306,2003-04-21,2,4,2003
2693,ON66,2003-06-12,2,6,2003
2694,ON126,2003-08-08,3,8,2003
2695,ON127,2003-09-28,3,9,2003
2696,ON69,2003-10-23,4,10,2003
2697,ON264,2003-11-07,4,11,2003
2698,ON130,2003-11-14,4,11,2003
2699,ON72,2003-11-26,4,11,2003
2700,ON132,2004-01-02,1,1,2004
2701,ON74,2004-02-19,1,2,2004
2702,ON266,2004-03-20,1,3,2004
2703,ON75,2004-05-07,2,5,2004
2704,ON76,2004-06-17,2,6,2004
2705,ON77,2004-07-21,3,7,2004
2706,ON78,2004-08-20,3,8,2004
2707,ON79,2004-09-10,3,9,2004
2708,ON139,2004-10-14,4,10,2004
2709,ON283,2004-10-29,4,10,2004
2710,ON231,2004-11-10,4,11,2004
2711,ON83,2004-11-21,4,11,2004
2712,ON84,2004-12-02,4,12,2004
2713,ON86,2005-01-31,1,1,2005
2714,ON234,2005-03-01,1,3,2005
2715,ON304,2005-03-28,1,3,2005
2716,ON90,2005-05-06,2,5,2005
2717,ON64,2003-02-11,1,2,2003
2718,ON124,2003-04-16,2,4,2003
2719,ON66,2003-06-12,2,6,2003
2720,ON126,2003-08-08,3,8,2003
2721,ON127,2003-09-28,3,9,2003
2722,ON69,2003-10-23,4,10,2003
2723,ON264,2003-11-07,4,11,2003
2724,ON130,2003-11-14,4,11,2003
2725,ON72,2003-11-26,4,11,2003
2726,ON132,2004-01-02,1,1,2004
2727,ON74,2004-02-19,1,2,2004
2728,ON266,2004-03-20,1,3,2004
2729,ON75,2004-05-07,2,5,2004
2730,ON76,2004-06-17,2,6,2004
2731,ON77,2004-07-21,3,7,2004
2732,ON78,2004-08-20,3,8,2004
2733,ON307,2004-09-10,3,9,2004
2734,ON139,2004-10-14,4,10,2004
2735,ON283,2004-10-29,4,10,2004
2736,ON231,2004-11-10,4,11,2004
2737,ON83,2004-11-21,4,11,2004
2738,ON84,2004-12-02,4,12,2004
2739,ON86,2005-01-31,1,1,2005
2740,ON234,2005-03-01,1,3,2005
2741,ON304,2005-03-28,1,3,2005
2742,ON90,2005-05-06,2,5,2005
2743,ON223,2003-02-17,1,2,2003
2744,ON65,2003-04-28,2,4,2003
2745,ON224,2003-06-16,2,6,2003
2746,ON67,2003-08-10,3,8,2003
2747,ON68,2003-10-06,4,10,2003
2748,ON6,2003-10-28,4,10,2003
2749,ON70,2003-11-08,4,11,2003
2750,ON225,2003-11-27,4,11,2003
2751,ON56,2004-01-12,1,1,2004
2752,ON74,2004-02-19,1,2,2004
2753,ON251,2004-04-02,2,4,2004
2754,ON226,2004-05-11,2,5,2004
2755,ON227,2004-06-24,2,6,2004
2756,ON15,2004-07-23,3,7,2004
2757,ON229,2004-08-21,3,8,2004
2758,ON230,2004-09-15,3,9,2004
2759,ON59,2004-10-15,4,10,2004
2760,ON81,2004-11-01,4,11,2004
2761,ON279,2004-11-12,4,11,2004
2762,ON60,2004-11-23,4,11,2004
2763,ON305,2004-12-03,4,12,2004
2764,ON22,2004-12-17,4,12,2004
2765,ON86,2005-01-31,1,1,2005
2766,ON234,2005-03-01,1,3,2005
2767,ON235,2005-03-30,1,3,2005
2768,ON254,2005-04-03,2,4,2005
2769,ON236,2005-05-10,2,5,2005
2770,ON223,2003-02-17,1,2,2003
2771,ON65,2003-04-28,2,4,2003
2772,ON224,2003-06-16,2,6,2003
2773,ON67,2003-08-10,3,8,2003
2774,ON68,2003-10-06,4,10,2003
2775,ON69,2003-10-23,4,10,2003
2776,ON70,2003-11-08,4,11,2003
2777,ON71,2003-11-14,4,11,2003
2778,ON72,2003-11-26,4,11,2003
2779,ON73,2004-01-09,1,1,2004
2780,ON74,2004-02-19,1,2,2004
2781,ON278,2004-05-08,2,5,2004
2782,ON227,2004-06-24,2,6,2004
2783,ON228,2004-07-21,3,7,2004
2784,ON78,2004-08-20,3,8,2004
2785,ON230,2004-09-15,3,9,2004
2786,ON80,2004-10-14,4,10,2004
2787,ON81,2004-11-01,4,11,2004
2788,ON20,2004-11-15,4,11,2004
2789,ON60,2004-11-23,4,11,2004
2790,ON305,2004-12-03,4,12,2004
2791,ON22,2004-12-17,4,12,2004
2792,ON86,2005-01-31,1,1,2005
2793,ON234,2005-03-01,1,3,2005
2794,ON235,2005-03-30,1,3,2005
2795,ON89,2005-04-01,2,4,2005
2796,ON280,2005-05-09,2,5,2005
2797,ON64,2003-02-11,1,2,2003
2798,ON124,2003-04-16,2,4,2003
2799,ON66,2003-06-12,2,6,2003
2800,ON126,2003-08-08,3,8,2003
2801,ON127,2003-09-28,3,9,2003
2802,ON69,2003-10-23,4,10,2003
2803,ON264,2003-11-07,4,11,2003
2804,ON130,2003-11-14,4,11,2003
2805,ON72,2003-11-26,4,11,2003
2806,ON132,2004-01-02,1,1,2004
2807,ON74,2004-02-19,1,2,2004
2808,ON266,2004-03-20,1,3,2004
2809,ON75,2004-05-07,2,5,2004
2810,ON76,2004-06-17,2,6,2004
2811,ON77,2004-07-21,3,7,2004
2812,ON78,2004-08-20,3,8,2004
2813,ON138,2004-09-09,3,9,2004
2814,ON139,2004-10-14,4,10,2004
2815,ON283,2004-10-29,4,10,2004
2816,ON231,2004-11-10,4,11,2004
2817,ON83,2004-11-21,4,11,2004
2818,ON84,2004-12-02,4,12,2004
2819,ON86,2005-01-31,1,1,2005
2820,ON234,2005-03-01,1,3,2005
2821,ON304,2005-03-28,1,3,2005
2822,ON90,2005-05-06,2,5,2005
